"date","Price_Futures","Vol","oil_price","TB3MS","GS10","BAA","AAA","CPIAUCSL","VIXCLS","INDPRO","UNRATE","M2SL","TCU","IGREA","USEPUINDXM","CFNAI","SVOL","production","imports","stocks","infl_m","m2_growth","ip_growth","unemp_diff","prod_growth","stocks_growth","imports_growth","kilian","epu","cfnai","real_price","spot_ret_simple","target","MA_1_9","MA_1_12","MA_2_9","MA_2_12","MA_3_9","MA_3_12","MOM_1","MOM_2","MOM_3","MOM_6","MOM_9","MOM_12","VOL_1_9","VOL_1_12","VOL_2_9","VOL_2_12","VOL_3_9","VOL_3_12"
1983-04-01,30.63,5960,NA,8.35,10.51,13.61,11.73,98.8,NA,47.9244,10.3,2015.2,72.366,-10.05019,NA,0.72,0.00191126429377372,8700,2290,338506.25,0.101988790074525,0.917254686329194,0.840465220384212,-0.0999999999999996,-0.664454271866788,-0.641427306920228,1.00944460407559,-10.05019,NA,0.72,NA,NA,NA,NA,NA,NA,NA,NA,NA,NA,NA,NA,NA,NA,NA,NA,NA,NA,NA,NA,NA
1983-05-01,30.25,4080,NA,8.21,10.4,13.29,11.51,99.2,NA,48.5311,10.2,2028.6,73.2597,-7.3603273,NA,0.68,0.00157246868776792,8776,3118,337431,0.711023818250478,0.662745390349517,1.25800602606461,-0.100000000000001,0.869769731239067,-0.31815110262805,30.8639953069437,-7.3603273,NA,0.68,NA,NA,NA,NA,NA,NA,NA,NA,NA,0,NA,NA,NA,NA,NA,NA,NA,NA,NA,NA,NA
1983-06-01,31.38,4540,NA,8.19,10.38,13.09,11.46,99.4,NA,48.8239,10.1,2043.1,73.6804,-7.5650509,NA,0.93,0.00142522155277709,8631,3360,344124,0.404040953700502,0.71223623038712,0.601511751489836,-0.0999999999999996,-1.66603497354085,1.96410125712099,7.47492033395272,-7.5650509,NA,0.93,NA,NA,NA,NA,NA,NA,NA,NA,NA,1,1,NA,NA,NA,NA,NA,NA,NA,NA,NA,NA
1983-07-01,32,4690,NA,8.79,10.85,13.37,11.74,99.8,NA,49.123,10.1,2053.5,74.1097,-22.500963,NA,1.14,0.00108788645435703,8667,3577,333084.5,0.201409937170105,0.50773921508469,0.610740982539015,0,0.416233691468726,-3.26058459935759,6.25834863017687,-22.500963,NA,1.14,NA,NA,NA,NA,NA,NA,NA,NA,NA,1,1,1,NA,NA,NA,NA,NA,NA,NA,NA,NA
1983-08-01,31.59,3910,NA,9.08,11.38,13.39,12.15,100.1,NA,49.8546,9.4,2064.8,75.188,-33.75491,NA,1.07,0.00135855618923495,8636,3871,326867.6,0.401606965488988,0.548771500779122,1.4783412088637,-0.699999999999999,-0.358319749964764,-1.88410156045578,7.89884113186297,-33.75491,NA,1.07,NA,NA,NA,NA,NA,NA,NA,NA,NA,0,1,1,NA,NA,NA,NA,NA,NA,NA,NA,NA
1983-09-01,30.36,7030,NA,9.34,11.85,13.64,12.51,100.4,NA,50.4443,9.5,2074,76.0452,-34.797649,NA,0.45,0.00231390737945092,8679,4227,320849.25,0.300150300375623,0.44457403850684,1.17589882838116,0.0999999999999996,0.496680200954813,-1.85838092867172,8.79796499891423,-34.797649,NA,0.45,NA,NA,NA,NA,NA,NA,NA,NA,NA,0,0,0,NA,NA,NA,NA,NA,NA,NA,NA,NA
1983-10-01,30.37,15190,NA,9,11.65,13.55,12.37,100.8,NA,51.178,9.2,2083.2,77.1102,-31.779242,NA,1.58,0.00136811881328506,8784,4210,328117.6,0.299252093645475,0.442606322477701,1.44399949384293,-0.300000000000001,1.20255701050667,2.24006940577421,-0.402987389036191,-31.779242,NA,1.58,NA,NA,NA,NA,NA,NA,NA,NA,NA,1,0,0,0,NA,NA,NA,NA,NA,NA,NA,NA
1983-11-01,29.23,20140,NA,8.64,11.54,13.46,12.25,101.1,NA,51.5693,8.8,2099.2,77.6485,-28.809664,NA,0.97,0.00105456969290017,8771,3446,330476.5,0.3976148379639,0.765114673551981,0.761678198420057,-0.399999999999999,-0.148105979793023,0.716347166578579,-20.0248509588553,-28.809664,NA,0.97,NA,NA,NA,NA,NA,NA,NA,NA,NA,0,0,0,0,NA,NA,NA,NA,NA,NA,NA,NA
1983-12-01,29.6,25640,NA,8.76,11.69,13.61,12.41,101.4,NA,51.7993,8.5,2112.3,77.9317,-21.431392,NA,0.77,0.00111530391827118,8770,3337,335185.25,0.297177038915741,0.622108144342715,0.445010147308,-0.300000000000001,-0.011401858515292,1.41478116833778,-3.21419383365011,-21.431392,NA,0.77,NA,NA,NA,0,NA,0,NA,0,NA,1,0,0,0,NA,NA,1,NA,1,NA,1,NA
1984-01-01,29.98,29100,NA,9,11.83,13.75,12.57,102.1,NA,52.0594,8.3,2123.5,78.248,-31.753024,NA,0.98,0.000834663905446528,8397,3213,328572.8,0.29629651306573,0.528826956012907,0.500873867611551,-0.199999999999999,-4.3462307182665,-1.99249372935295,-3.7867119635516,-31.753024,NA,0.98,NA,NA,NA,0,NA,0,NA,0,NA,1,1,0,0,0,NA,1,NA,1,NA,1,NA
1984-02-01,30.55,39630,NA,8.9,11.67,13.65,12.2,102.6,NA,53.0985,8,2138.2,79.7207,-29.886219,NA,1.27,0.000530333671914297,8868,3055,327996.5,0.687963401353642,0.689868282607353,1.97633049245929,-0.300000000000001,5.45747925526374,-0.175548917075652,-5.04254875101626,-29.886219,NA,1.27,NA,NA,NA,0,NA,0,NA,0,NA,1,1,1,0,1,NA,1,NA,1,NA,1,NA
1984-03-01,30.85,41600,NA,9.09,11.84,13.59,12.08,102.9,NA,53.3318,7.8,2158.2,79.9686,-23.254779,NA,0.68,0.000794531617600731,8874,2950,320243.75,0.488520756604949,0.931018735023326,0.438409689110442,-0.2,0.0676361202653908,-2.39205130122233,-3.497442227183,-23.254779,NA,0.68,NA,NA,NA,1,1,1,1,0,0,1,1,1,1,0,NA,1,1,1,1,1,1
1984-04-01,30.26,39410,NA,9.52,12.32,13.99,12.57,103.3,NA,53.5929,7.8,2175.2,80.2444,-19.005287,NA,0.44,0.00201947914655995,8672,3470,312580.2,0.291971010333469,0.784607338862831,0.488382046380442,0,-2.30262082594272,-2.42213483332367,16.234942360704,-19.005287,NA,0.44,NA,NA,NA,0,0,1,1,1,1,0,0,1,0,0,0,1,1,1,1,1,1
1984-05-01,30.83,40250,NA,9.69,12.63,14.31,12.81,103.5,NA,53.91,7.7,2191.7,80.5902,-15.032865,NA,0.59,0.00135458737996977,8862,3417,322001.25,0.38797332855891,0.755688406941246,0.589939284734475,-0.0999999999999996,2.16730280800075,2.96943512744061,-1.53916208256142,-15.032865,NA,0.59,NA,NA,NA,1,1,1,0,1,1,1,0,1,1,0,1,1,1,1,1,1,1
1984-06-01,29.75,39400,NA,9.83,13.41,14.74,13.28,103.7,NA,54.2026,7.4,2204.1,80.8857,-15.666755,NA,0.6,0.00103552894141482,8955,3942,332976,0.193423657983072,0.564176390666749,0.541288831118125,-0.3,1.04395627353764,3.35149877866048,14.2925235597374,-15.666755,NA,0.6,NA,NA,NA,0,0,1,0,1,0,0,0,0,1,0,0,1,1,1,1,1,1
1984-07-01,27.6,54910,NA,9.87,13.56,15.05,13.55,104.1,NA,54.4014,7.2,2215.1,81.0276,-24.518893,NA,0.61,0.000933048855842006,8852,3546,337559,0.193050253005822,0.497828689267443,0.366101105010896,-0.2,-1.15686133238722,1.36698945380154,-10.5868001078512,-24.518893,NA,0.61,NA,NA,NA,0,0,0,0,0,0,0,0,0,0,0,0,0,0,0,1,1,1
1984-08-01,29.23,65850,NA,10.12,13.36,15.15,13.44,104.4,NA,54.5521,7.5,2223.5,81.0869,-29.407183,NA,0.1,0.00167576168496387,8885,3646,333741,0.384986038544177,0.378498176373565,0.276631950516393,0.3,0.372103941781177,-1.13750667903432,2.78104686044554,-29.407183,NA,0.1,NA,NA,NA,0,0,0,0,0,0,1,0,0,0,1,0,1,1,0,1,0,1
1984-09-01,29.66,35820,NA,10.47,12.72,14.63,12.87,104.7,NA,54.6083,7.5,2230.4,80.9969,-28.557569,NA,-0.02,0.000865656922675366,8809,3248,327397,0.287769982761521,0.309841061545413,0.1029677519786,0,-0.859053547895527,-1.9191741266912,-11.5591253957041,-28.557569,NA,-0.02,NA,NA,NA,0,0,0,0,0,0,1,1,0,0,1,0,1,1,1,1,0,1
1984-10-01,28.46,79560,NA,10.37,12.52,14.35,12.66,105.1,NA,54.4466,7.3,2244.4,80.5761,-25.413006,NA,-0.06,0.00312750514392485,8993,3342,313015.5,0.286944242795251,0.625728331061204,-0.296548102836613,-0.2,2.06725708047184,-4.49207917110019,2.85300078737709,-25.413006,NA,-0.06,NA,NA,NA,0,0,0,0,0,0,0,0,1,0,0,0,0,0,1,1,1,1
1984-11-01,27.31,79700,NA,9.74,12.16,13.94,12.63,105.3,NA,54.4406,7.4,2258.9,80.3793,-24.140388,NA,0.17,0.000943228100705818,8906,3751,316498.5,0.381316000641441,0.643974423641236,-0.0110205791058249,0.100000000000001,-0.972129003286781,1.10657921556943,11.5453040926548,-24.140388,NA,0.17,NA,NA,NA,0,0,0,0,0,0,0,0,0,0,0,0,0,0,0,0,0,0
1984-12-01,26.41,77570,NA,8.61,11.57,13.48,12.29,105.5,NA,54.624,7.2,2281.4,80.4551,-16.594301,NA,0.42,0.00129185141234145,8979,3583,326497,0.190114125702401,0.991132048056809,0.336314758163692,-0.2,0.816331063916209,3.11022580763556,-4.58220327769325,-16.594301,NA,0.42,NA,NA,NA,0,0,0,0,0,0,0,0,0,0,0,0,0,0,0,0,0,0
1985-01-01,26.41,149810,NA,8.06,11.5,13.4,12.13,105.7,NA,54.6416,7.3,2306.4,80.2819,-19.751458,NA,0.06,0.0010234114631388,8897,3136,324223.25,0.189753377619173,1.08985777303952,0.0322150798645282,0.0999999999999996,-0.917437627604123,-0.698843859193765,-13.3252335834655,-19.751458,NA,0.06,NA,NA,NA,0,0,0,0,0,0,1,0,0,0,0,0,0,0,0,0,0,0
1985-02-01,26.73,135130,NA,7.76,11.38,13.26,12.08,106.3,NA,54.6322,7.3,2332.4,80.0654,-23.305992,125.22474,-0.09,0.00119010639786282,8740,2717,322114,0.189393996007059,1.12099130238077,-0.0172044900483392,0,-1.78039515951873,-0.652680156584218,-14.3419772043951,-23.305992,125.22474,-0.09,NA,NA,NA,0,0,0,0,0,0,1,1,0,0,0,0,1,0,0,0,0,0
1985-03-01,28.29,113890,NA,8.27,11.51,13.23,12.13,106.8,NA,54.7825,7.2,2354.1,80.0794,-27.634908,99.02081,-0.04,0.00163464048179295,9025,2108,302363.25,0.566039247171002,0.926070845353699,0.274734737722948,-0.0999999999999996,3.20883145515012,-6.32764110125823,-25.3788699765095,-27.634908,99.02081,-0.04,NA,NA,NA,1,0,0,0,0,0,1,1,1,0,0,0,1,1,1,1,0,0
1985-04-01,27.63,92710,NA,8.52,11.86,13.69,12.56,107,NA,54.8653,7.2,2366.2,79.9936,-25.904013,112.19051,0.36,0.000745008273871869,9095,2786,306574.2,0.469264117819268,0.512680401802523,0.151029050721974,0,0.77263077511418,1.38307050265247,27.8867244678498,-25.904013,112.19051,0.36,NA,NA,NA,0,0,1,0,0,0,0,1,1,0,1,0,1,1,1,1,1,1
1985-05-01,27.84,107710,NA,7.95,11.43,13.51,12.23,107.2,NA,54.7459,7.3,2375.4,79.6154,-20.92004,102.81132,-0.28,0.000803544776175889,9043,3401,309666,0.187090793581124,0.388055152057731,-0.21786103468644,0.0999999999999996,-0.573383421174256,1.00344831218564,19.9462630667444,-20.92004,102.81132,-0.28,NA,NA,NA,1,0,1,0,1,0,1,0,1,1,0,0,1,1,1,1,1,1
1985-06-01,26.87,101620,NA,7.48,10.85,13.15,11.72,107.5,NA,54.8255,7.2,2389.5,79.53,-24.941699,120.08272,0.38,0.000459878896462959,9132,3730,330702,0.186741417479563,0.591829467807248,0.145293414162939,-0.0999999999999996,0.97937509092052,6.57233704560181,9.23387276306666,-24.941699,120.08272,0.38,NA,NA,NA,0,0,1,0,1,0,0,0,0,1,0,0,1,1,1,1,1,1
1985-07-01,27.12,106970,NA,6.95,10.16,12.4,10.94,107.7,NA,54.7989,7.4,2412.6,79.295,-34.445263,132.71319,-0.53,0.000833861516014196,9022,3188,328907.25,0.279459893101563,0.962086511307092,-0.0485293429602685,0.2,-1.21186896813441,-0.54418716206186,-15.7014472727756,-34.445263,132.71319,-0.53,NA,NA,NA,0,0,0,0,1,0,1,0,0,1,0,0,1,1,1,1,1,1
1985-08-01,28.08,83530,NA,7.08,10.31,12.43,10.97,107.9,NA,54.5396,7.4,2429.5,78.7325,-50.18911,128.00182,-0.2,0.000741520647128806,8949,3203,314165,0.185873659462565,0.698047071467389,-0.474307743599534,0,-0.812424478548301,-4.58574705260855,0.469410969905226,-50.18911,128.00182,-0.2,NA,NA,NA,1,1,1,1,1,0,1,1,1,1,1,0,1,1,1,1,1,1
1985-09-01,29.08,98350,NA,7.14,10.33,12.5,11.05,108.1,NA,54.7055,7.1,2444,78.7932,-57.647419,126.76611,0.54,0.000718626226529427,8803,3114,301633,0.185528810174596,0.595056644552816,0.303720949554043,-0.300000000000001,-1.64492217219525,-4.07072790063143,-2.81797972152145,-57.647419,126.76611,0.54,NA,NA,NA,1,1,1,1,1,1,1,1,1,1,1,0,1,1,1,1,1,1
1985-10-01,30.38,114980,NA,7.1,10.37,12.48,11.07,108.5,NA,54.8906,7.1,2456.4,78.8917,-50.096727,126.76856,0.24,0.000629695383288148,8954,3155,292486.5,0.185185238107355,0.506082216375869,0.337786063552148,0,1.70077873400043,-3.07925348332461,1.30804225813694,-50.096727,126.76856,0.24,NA,NA,NA,1,1,1,1,1,1,1,1,1,1,1,1,1,1,1,1,1,1
1985-11-01,29.75,117510,NA,7.16,10.24,12.36,11.02,109,NA,54.7199,7.1,2468,78.4909,-37.025319,116.05771,-0.38,0.000865842300415936,8970,3238,297518.25,0.369344833535212,0.471124257003463,-0.311466762762524,0,0.178531625193123,1.70570558813647,2.59673592622676,-37.025319,116.05771,-0.38,NA,NA,NA,1,1,1,1,1,1,0,1,1,1,1,1,1,1,1,1,1,1
1985-12-01,26.3,137480,NA,7.24,9.78,11.99,10.55,109.5,NA,54.9124,7,2477.8,78.624,-36.203924,122.03688,0.33,0.000911764850480061,8902,3999,291002,0.459770924862912,0.396296365635962,0.351174239400542,-0.0999999999999996,-0.760970547704254,-2.21454276418918,21.1088474609237,-36.203924,122.03688,0.33,NA,NA,NA,0,0,0,1,1,1,0,0,0,0,0,0,0,1,1,1,1,1
1986-01-01,18.83,170590,22.93,7.1,9.26,11.58,10.16,109.9,NA,55.4412,7,2492.1,79.2506,-36.052033,133.24392,0.28,0.000941575478821673,9030,3696,298983,0.457666702741211,0.575465883149739,0.958381144779263,0,1.4276396835232,2.70565755869114,-7.87931760852434,-36.052033,133.24392,0.28,20.8644222020018,NA,-0.324544877378379,0,0,0,0,0,0,0,0,0,0,0,0,0,0,0,0,0,1
1986-02-01,13.26,191780,15.46,7.07,9.19,11.44,10.05,109.7,NA,55.7481,6.7,2502.1,79.5708,-37.804682,155.93292,0.61,0.0012300753031801,9137,3472,302306.6,0.364631215302058,0.400465074060019,0.552032937293578,-0.3,1.17797365875898,1.10550185766698,-6.25203569813344,-37.804682,155.93292,0.61,14.0929808568824,-0.324544877378379,-0.179860981830643,0,0,0,0,0,0,0,0,0,0,0,0,0,0,0,0,0,0
1986-03-01,10.42,189350,12.61,7.06,8.7,11.11,9.67,109.1,NA,55.3568,7.2,2512.9,78.9079,-51.756435,159.46768,-0.53,0.00192015836453288,9173,2968,307235.5,-0.182149412839117,0.430708542208613,-0.704382287145755,0.5,0.393228251103395,1.617282032913,-15.6842471492969,-51.756435,159.46768,-0.53,11.5582034830431,-0.179860981830643,0.0219864639197144,0,0,0,0,0,0,0,0,0,0,0,0,0,0,0,0,0,0
1986-04-01,13.34,254770,12.84,6.56,7.78,10.5,9,108.7,NA,54.9625,7.2,2533.1,78.2531,-55.397543,160.1981,-0.2,0.00108929340064446,9013,2988,316189,-0.548447444216027,0.800638442538215,-0.714837166359228,0,-1.75964069532455,2.872558156864,0.671594196543612,-55.397543,160.1981,-0.2,11.8123275068997,0.0219864639197144,0.194522564234474,0,0,0,0,0,0,1,1,0,0,0,0,0,0,0,0,0,0
1986-05-01,14.3,273390,15.38,6.06,7.3,10.19,8.79,109,NA,55.0413,7.1,2557.8,78.2809,-61.559727,150.36626,0.52,0.00137373437901166,8864,3684,316161.5,-0.367309871186094,0.970366489801577,0.143267802527713,-0.100000000000001,-1.66698495693449,-0.00869770800129288,20.9394851122489,-61.559727,150.36626,0.52,14.1100917431193,0.194522564234474,-0.12998076753922,0,0,0,0,0,0,1,1,1,0,0,0,1,1,0,0,0,0
1986-06-01,12.78,227370,13.43,6.15,7.71,10.29,9.09,109.4,NA,55.1226,7.2,2584.8,78.3175,-66.395383,132.63792,-0.15,0.00245894627582677,8838,4250,309225.4,0.275608810197969,1.05006215110688,0.147598287205764,0.100000000000001,-0.293752329637975,-2.21826981647393,14.2919864543266,-66.395383,132.63792,-0.15,12.2760511882998,-0.12998076753922,-0.137794823148611,0,0,0,0,0,0,0,0,1,0,0,0,0,0,1,0,0,0
1986-07-01,11.15,258900,11.59,6.21,7.8,10.34,9.13,109.5,NA,54.9005,7.2,2605,77.9257,-69.355027,122.51177,-0.13,0.00136993089463733,8623,4635,304131,0.366300775873718,0.778453967717851,-0.403733946212714,0,-2.46275547383608,-1.66119311776676,8.67172160814924,-69.355027,122.51177,-0.13,10.5844748858447,-0.137794823148611,0.301658552867751,0,0,0,0,0,0,0,0,0,0,0,0,0,0,0,0,0,0
1986-08-01,15.9,255480,15.1,5.83,7.3,10.16,8.88,109.6,NA,55.2592,7,2626.6,78.3589,-80.979398,132.11963,0.34,0.00159651678107044,8660,4726,303832,0.0913659268674927,0.825755896359226,0.651238643060648,-0.2,0.428167060415596,-0.0983612568878911,1.94429797468985,-80.979398,132.11963,0.34,13.7773722627737,0.301658552867751,-0.018812763395545,1,0,0,0,0,0,1,1,1,1,0,0,1,0,0,0,0,0
1986-09-01,14.77,188740,14.87,5.53,7.17,10.18,8.72,110,NA,55.1567,6.9,2646.5,78.1348,-78.314528,127.5525,0.08,0.00241582211096413,8374,4859,312703.4,0.0912825257359806,0.754777814698215,-0.185661719812735,-0.0999999999999996,-3.35830549773917,2.87802203757774,2.77534766590488,-78.314528,127.5525,0.08,13.5181818181818,-0.018812763395545,0.000198941339156111,1,0,1,0,1,0,0,1,1,1,0,0,0,0,0,0,0,0
1986-10-01,15.27,291590,14.9,5.21,7.45,10.2,8.89,110.2,NA,55.2975,7,2667.8,78.2497,-54.273443,132.01833,0.65,0.00126058428767401,8328,5031,309323.5,0.364299127850121,0.80161504089018,0.25494743751624,0.0999999999999996,-0.550833628428293,-1.08674826262263,3.47861160854155,-54.273443,132.01833,0.65,13.5208711433757,0.000198941339156111,0.0196260091430793,1,0,1,0,1,0,1,0,1,1,0,0,1,1,1,0,1,0
1986-11-01,15,205980,15.22,5.18,7.43,10.24,8.86,110.4,NA,55.5332,7,2687.4,78.4896,-48.824531,111.50927,-0.26,0.00420738097905321,8419,4419,318989,0.181653092639777,0.732002073436622,0.42533405515881,0,1.08677250428588,3.07689646119673,-12.9705345360579,-48.824531,111.50927,-0.26,13.786231884058,0.0196260091430793,0.0546544780049053,1,0,1,1,1,0,0,1,0,1,1,0,0,0,1,1,0,0
1986-12-01,17.94,227530,16.11,5.35,7.25,10.07,8.68,110.8,NA,55.7557,6.9,2701.3,78.7,-51.143125,115.02029,0.02,0.000990593978671106,8412,4615,318610.5,0.181323712418102,0.515895515757681,0.399860716495581,-0.0999999999999996,-0.0831798515074311,-0.118726581329298,4.33984418062128,-51.143125,115.02029,0.02,14.5397111913357,0.0546544780049053,0.15143086076759,1,1,1,1,1,1,1,1,1,1,1,0,1,1,1,1,1,1
1987-01-01,18.75,264870,18.65,5.53,7.11,9.97,8.49,111.4,NA,56.2845,6.6,2728,79.3312,-60.132609,108.96811,0.95,0.0017308570634864,8352,4412,315904.5,0.361664047018806,0.983560136446648,0.943953913952456,-0.300000000000001,-0.715822670017019,-0.85294008975616,-4.49837665635595,-60.132609,108.96811,0.95,16.7414721723519,0.15143086076759,-0.0516625341115642,1,1,1,1,1,1,1,1,1,1,1,0,1,1,1,1,1,1
1987-02-01,16.6,290750,17.75,5.43,7.08,9.72,8.36,111.8,NA,56.0882,6.6,2743.9,78.9302,-46.535051,122.11428,-0.97,0.00126234159241911,8480,4385,309139.6,0.540055318000032,0.581152606966739,-0.349373468240533,0,1.52094186635292,-2.16469979096328,-0.613847556710923,-46.535051,122.11428,-0.97,15.8765652951699,-0.0516625341115642,0.0273103863824659,1,1,1,1,1,1,0,0,1,1,1,1,1,1,1,1,1,1
1987-03-01,18.83,375630,18.3,5.59,7.25,9.65,8.38,112.2,NA,56.8275,6.6,2747.5,79.832,-41.805897,109.14523,1.51,0.0024782288831043,8389,3866,309023,0.358423322781487,0.131114124475573,1.30949117680599,0,-1.07891259396542,-0.0377247026536409,-12.5969245038007,-41.805897,109.14523,1.51,16.3101604278075,0.0273103863824659,0.0162363448586844,1,1,1,1,1,1,1,1,1,1,1,1,1,1,1,1,1,1
1987-04-01,18.73,376220,18.68,5.59,7.25,9.61,8.36,112.7,NA,56.9098,6.6,2753.7,79.799,-35.096185,122.08486,0.14,0.00141225073655382,8464,3779,309422,0.357143236759772,0.225405461537864,0.144719479649869,0,0.890055125178613,0.129033319166538,-2.27609564187876,-35.096185,122.08486,0.14,16.5749778172138,0.0162363448586844,0.0379223437115084,1,1,1,1,1,1,0,1,0,1,1,1,0,1,1,1,1,1
1987-05-01,19.38,328350,19.44,5.64,8.02,10.04,8.85,113,NA,57.2701,6.3,2767.7,80.1481,-25.198515,110.85971,0.25,0.00197109421311303,8498,4132,305038.75,0.444642795713435,0.507118846781562,0.631111423113584,-0.3,0.400896657667538,-1.42672232586456,8.93021268900398,-25.198515,110.85971,0.25,17.2035398230088,0.0379223437115084,0.0278593571545113,1,1,1,1,1,1,1,1,1,1,1,1,1,1,1,1,1,1
1987-06-01,20.29,421980,20.07,5.66,8.61,10.51,9.33,113.5,NA,57.6322,6.3,2772.9,80.4929,-19.449409,110.04291,0.42,0.00419404253646731,8336,4340,302680.8,0.265839766661013,0.187705357787138,0.630276676266917,0,-1.92473566816087,-0.776003283947624,4.91127968549225,-19.449409,110.04291,0.42,17.6828193832599,0.0278593571545113,0.0604755062028069,1,1,1,1,1,1,1,1,1,1,1,1,1,1,1,1,1,1
1987-07-01,21.37,460070,21.34,5.67,8.4,10.52,9.32,113.8,NA,57.9307,6.2,2774.6,80.7451,-30.736424,121.15791,0.28,0.0024892310605768,8279,4807,302159,0.441501820911672,0.0612888707783199,0.516602930283394,-0.0999999999999996,-0.686129685434089,-0.17254159843727,10.219884079951,-30.736424,121.15791,0.28,18.7521968365554,0.0604755062028069,-0.0524294819286296,1,1,1,1,1,1,1,1,1,1,1,1,1,1,1,1,1,1
1987-08-01,19.73,567370,20.31,5.69,8.45,10.61,9.42,114.3,NA,58.3258,6.1,2779,81.1334,-33.679616,106.348,0.67,0.0010704195546994,8251,5295,303058,0.263968477077281,0.158455809587821,0.679706547396641,-0.100000000000001,-0.338778303446396,0.297083743915039,9.66897901415464,-33.679616,106.348,0.67,17.7690288713911,-0.0524294819286296,-0.0417581540181244,1,1,1,1,1,1,0,0,1,1,1,1,1,1,1,1,1,1
1987-09-01,19.59,418850,19.53,6.04,8.76,10.8,9.67,114.7,NA,58.7636,6,2788.2,81.5864,-18.795463,74.83796,0.31,0.000817479902522165,8210,5510,305510.25,0.438404910853496,0.330507557648385,0.747808153783769,-0.0999999999999996,-0.498148165786816,0.805912327066061,3.98016441114528,-18.795463,74.83796,0.31,17.027027027027,-0.0417581540181244,0.0142443064182193,1,1,1,1,1,1,0,0,0,1,1,1,0,0,1,1,1,1
1987-10-01,19.96,412190,19.86,6.4,9.42,11.31,10.18,115,NA,58.9951,5.9,2799.5,81.762,-22.342043,78.98139,0.47,0.00177612260862922,8205,5110,313702.75,0.349345333455986,0.404460346996061,0.393177401290679,-0.0999999999999996,-0.0609198922283838,2.64625518918358,-7.53652189492104,-22.342043,78.98139,0.47,17.2695652173913,0.0142443064182193,-0.0541459191812355,1,1,1,1,1,1,1,1,0,1,1,1,1,1,0,1,1,1
1987-11-01,18.51,415350,18.85,6.13,9.52,11.62,10.52,115.4,NA,59.781,6,2814.8,82.7171,-17.339631,143.60309,0.71,0.00253482623033092,8364,5142,316931,0.261210422792502,0.545038130344633,1.32334951092075,0.0999999999999996,1.91930570243333,1.02382030740671,0.624270462808596,-17.339631,143.60309,0.71,16.3344887348354,-0.0541459191812355,-0.0848751296430571,0,0,0,1,0,1,0,0,0,0,1,1,0,0,0,1,0,0
1987-12-01,16.7,510710,17.28,5.69,8.86,11.23,10.01,115.6,NA,60.0726,5.8,2818.9,83.0015,-12.326741,155.42208,0.26,0.070945135109743,8397,5013,335606,0.347222571074912,0.145552682032779,0.486594604352852,-0.2,0.393771763503992,5.72537682903906,-2.54075705623311,-12.326741,155.42208,0.26,14.9480968858132,-0.0848751296430571,-0.012098898467433,0,0,0,0,0,0,0,0,0,0,0,0,0,0,0,0,0,0
1988-01-01,16.94,526730,17.13,5.77,8.99,11.29,10.11,116,NA,60.4095,5.7,2826.4,83.3639,-5.1361736,135.47265,0.55,0.00678545348365173,8318,4640,338951.5,0.173160216427792,0.26570791322138,0.559254657894304,-0.0999999999999996,-0.94526578807077,0.99191764387303,-7.73201720432031,-5.1361736,135.47265,0.55,14.7672413793103,-0.012098898467433,-0.0209524613339524,0,0,0,0,0,0,1,0,0,0,0,0,0,0,0,0,0,0
1988-02-01,16.01,443090,16.8,5.81,8.67,11.07,9.88,116.2,NA,60.3976,5.7,2847.4,83.2612,2.880374,131.52146,-0.16,0.00685219424999023,8250,4662,322168.4,0.345423486808727,0.740248013470968,-0.0197008289057443,0,-0.820864097413043,-5.07826390948871,0.473017437540157,2.880374,131.52146,-0.16,14.4578313253012,-0.0209524613339524,-0.0381974248927039,0,0,0,0,0,0,0,0,0,0,0,0,0,0,0,0,0,0
1988-03-01,17.08,508050,16.2,5.66,8.21,10.62,9.4,116.5,NA,60.7003,5.7,2870.4,83.6092,14.129733,116.58432,0.52,0.00915751527774822,8374,4650,318612.5,0.172265331144672,0.804509568483169,0.499927134064215,0,1.49184672503626,-1.10987593480623,-0.257732101430008,14.129733,116.58432,0.52,13.9055793991416,-0.0381974248927039,0.0958844225340243,0,0,0,0,0,0,1,1,1,0,0,0,0,0,0,0,0,0
1988-04-01,17.99,476870,17.86,5.7,8.37,10.57,9.39,117.2,NA,60.8501,5.7,2890.7,83.7608,19.224621,105.05246,0.44,0.00196735123127573,8374,4868,326672,0.257842858794444,0.704729444566876,0.246482242494661,0,0,2.49809785381316,4.58159555260149,19.224621,105.05246,0.44,15.2389078498293,0.0958844225340243,-0.0271263491458384,0,0,0,0,0,0,1,1,1,0,0,0,1,1,1,1,1,0
1988-05-01,17.51,369770,17.42,5.91,8.72,10.9,9.67,117.5,NA,61.2031,5.4,2910.7,84.2045,11.684193,113.65598,0.27,0.00165919896664233,8288,5167,333731.4,0.599060413715691,0.689491475610016,0.578437901264195,-0.3,-1.03229820798241,2.13798684305431,5.96090741797664,11.684193,113.65598,0.27,14.8255319148936,-0.0271263491458384,-0.0551115024616165,0,0,0,0,0,0,0,1,1,0,0,0,1,0,1,1,1,1
1988-06-01,15.16,439770,16.53,6.26,9.09,11.04,9.9,118,NA,61.0797,5.6,2926,84.0006,5.2359914,96.14572,-0.03,0.00346403236882577,8229,5339,342637.5,0.255645644130098,0.524270051382381,-0.201827308318769,0.199999999999999,-0.71441848935514,2.63365591684614,3.27461202130017,5.2359914,96.14572,-0.03,14.0084745762712,-0.0551115024616165,-0.0662674436710137,0,0,0,0,0,0,0,0,0,0,0,0,0,0,0,0,1,1
1988-07-01,16.31,469330,15.5,6.46,8.92,11,9.86,118.5,NA,61.2569,5.4,2938.4,84.2142,-5.0745056,89.78251,0.46,0.00255577114522406,8170,5322,342448.5,0.424629088145156,0.422891292538807,0.289692739416747,-0.199999999999999,-0.719559175166395,-0.0551755560016076,-0.318919696255193,-5.0745056,89.78251,0.46,13.0801687763713,-0.0662674436710137,-0.00291677961507192,0,0,0,0,0,0,1,0,0,0,0,0,1,1,0,0,1,0
1988-08-01,15.18,432920,15.52,6.73,9.06,11.11,9.96,119,NA,61.2659,5.4,2947.2,84.1973,-11.431704,85.18198,-0.02,0.00236130281650017,8040,5100,335893.6,0.4228336109521,0.299035155553007,0.0146911432258534,0,-1.60398256810375,-1.9326838285771,-4.26086328252158,-11.431704,85.18198,-0.02,13.0420168067227,-0.00291677961507192,-0.0670642280981754,0,0,0,0,0,0,0,1,0,0,0,0,0,0,1,0,0,0
1988-09-01,13.37,573450,14.54,7.06,9.26,11.21,10.11,119.5,NA,61.5731,5.6,2952,84.5859,-9.3633593,100.15845,0.04,0.00191061597030565,8079,5089,325005.5,0.421053253634351,0.162733965937534,0.500167927823725,0.199999999999999,0.483901930669717,-3.29523378835948,-0.215919212358529,-9.3633593,100.15845,0.04,12.1673640167364,-0.0670642280981754,-0.0561168006809893,0,0,0,0,0,0,0,0,0,0,0,0,0,0,0,0,0,0
1988-10-01,13.58,486830,13.77,7.24,8.98,10.9,9.82,119.9,NA,61.3807,5.4,2956.9,84.2804,-4.8141565,94.55409,0.06,0.00139031973795381,7895,5212,307367.2,0.4192878260036,0.165851550142726,-0.312963335887328,-0.199999999999999,-2.30384547899654,-5.57989812182651,2.38823116559033,-4.8141565,94.55409,0.06,11.4845704753962,-0.0561168006809893,0.0234556431482419,0,0,0,0,0,0,1,0,0,0,0,0,0,0,0,0,0,0
1988-11-01,15.32,620220,14.14,7.35,8.8,10.41,9.51,120.3,NA,61.6453,5.4,2965.3,84.5914,-1.903591,102.23078,0.49,0.00119273767339608,8023,5551,311845.75,0.33416906619026,0.283678553008837,0.43015363906127,0,1.6082769063912,1.44655504871007,6.3014432445426,-1.903591,102.23078,0.49,11.7539484621779,0.0234556431482419,0.154576849565652,0,0,0,0,0,0,1,1,1,0,0,0,1,1,1,1,0,0
1988-12-01,17.24,502080,16.38,7.76,8.96,10.48,9.45,120.7,NA,61.7944,5.3,2980.2,84.7301,7.8743114,113.95989,0.25,0.00163154124159262,8023,5070,322501,0.333056094716522,0.501220458948115,0.241575558772045,-0.100000000000001,0,3.35975624739113,-9.06372741049335,7.8743114,113.95989,0.25,13.5708367854184,0.154576849565652,0.0955836426133455,1,1,1,1,0,0,1,1,1,1,1,1,1,1,1,1,1,1
1989-01-01,17.03,618150,18.02,8.07,9.11,10.65,9.57,121.2,NA,62.0743,5.3,2988.2,85.0338,11.346694,99.66633,0.57,0.00134799498478776,7942,5230,318281.2,0.331950512285228,0.268078707562402,0.451930917807708,0,-1.01472840624588,-1.31709682388124,3.10704604737406,11.346694,99.66633,0.57,14.8679867986799,0.0955836426133455,-0.00771438168117279,1,1,1,1,1,1,0,1,1,1,0,1,1,1,1,1,1,1
1989-02-01,18.15,497870,17.94,8.27,9.09,10.65,9.62,121.6,NA,62.2574,5.4,2991.7,85.1891,17.814798,105.07536,0.26,0.000627075361741103,7937,5661,305440.5,0.413394553172797,0.117058827059502,0.294534913247801,0.100000000000001,-0.062976260032066,-4.11802718085905,7.91892769776901,17.814798,105.07536,0.26,14.7532894736842,-0.00771438168117279,0.0805102295887182,1,1,1,1,1,1,1,1,1,1,1,1,1,1,1,1,1,1
1989-03-01,20.19,758820,19.48,8.53,9.17,10.61,9.64,122.2,NA,61.9819,5.2,2992.2,84.7014,12.253027,84.84484,-0.45,0.000964731927803285,7788,5305,307620.5,0.329489589685306,0.0167115092553516,-0.443499684193061,-0.2,-1.89512825987848,0.71118834454964,-6.49507829885749,12.253027,84.84484,-0.45,15.9410801963993,0.0805102295887182,0.0737142971524462,1,1,1,1,1,1,1,1,1,1,1,1,1,1,1,1,1,1
1989-04-01,20.42,691080,21.07,8.82,9.36,10.67,9.8,123.1,NA,62.1369,5,2999.7,84.786,17.575305,97.21567,-0.16,0.00117607826741639,7575,5035,314569.8,0.492207720542837,0.250338086978097,0.249760842958135,-0.2,-2.77307361145205,2.2339110697887,-5.2236245895422,17.575305,97.21567,-0.16,17.1161657189277,0.0737142971524462,-0.0497195512974231,1,1,1,1,1,1,1,1,1,1,1,1,1,1,1,1,1,1
1989-05-01,19.9,747910,20.12,8.65,9.18,10.61,9.79,123.7,NA,62.1276,5.2,3006,84.6312,17.009075,108.86306,0.12,0.00128645010627068,7772,5750,309411,0.733798645291284,0.209800766300638,-0.0149680721643897,0.2,2.56741801197595,-1.65355009125996,13.2786328638733,17.009075,108.86306,0.12,16.2651576394503,-0.0497195512974231,-0.00669111839839292,1,1,1,1,1,1,0,0,1,1,1,1,1,1,1,1,1,1
1989-06-01,20.27,700570,20.05,8.43,8.86,10.46,9.57,124.1,NA,61.7744,5.2,3011.6,83.9944,21.566498,87.81604,-0.6,0.000955580278500478,7816,5729,324703.25,0.486224620803455,0.186120766304754,-0.570129548713005,0,0.564538322528918,4.82411981084105,-0.365885938281707,21.566498,87.81604,-0.6,16.1563255439162,-0.00669111839839292,-0.0166359202395617,1,1,1,1,1,1,1,0,1,1,1,1,1,1,1,1,1,1
1989-07-01,18.31,610810,19.78,8.15,8.28,10.03,9.1,124.5,NA,61.7697,5.3,3027.9,83.819,3.1555649,94.83974,-0.2,0.00107305388658103,7624,5976,320788.8,0.322841281211872,0.539781093695524,-0.00760861911217603,0.0999999999999996,-2.48717483885805,-1.2128725633314,4.22104524040741,3.1555649,94.83974,-0.2,15.8875502008032,-0.0166359202395617,-0.0606673407482306,0,1,1,1,1,1,0,0,0,1,1,1,1,1,1,1,1,1
1989-08-01,18.83,528890,18.58,7.88,8.02,9.87,8.93,124.5,NA,61.1738,5.2,3052.4,82.8332,1.0788797,84.56992,-0.83,0.00142952892304237,7444,6214,313818.75,0.321802369420077,0.805885650255611,-0.969395968925557,-0.0999999999999996,-2.38928275718973,-2.19673727167713,3.905336314034,1.0788797,84.56992,-0.83,14.9236947791165,-0.0606673407482306,0.0518250082802021,0,1,0,1,1,1,1,0,0,1,1,1,1,1,1,1,1,1
1989-09-01,20.13,565560,19.59,7.9,8.11,9.88,8.96,124.8,NA,61.7732,5.2,3074.4,83.4581,2.4611829,95.86038,0.66,0.00101882292169509,7544,6565,315134,0,0.718159383515449,0.975062016915285,0,1.33442065511513,0.418235524753285,5.49476967839038,2.4611829,95.86038,0.66,15.6971153846154,0.0518250082802021,0.0211244385500854,1,1,1,1,0,1,1,1,0,0,1,1,1,1,1,1,1,1
1989-10-01,19.94,544590,20.1,7.75,8.19,9.91,9.01,125.4,NA,61.5796,5.3,3092.5,83.0045,3.9384963,90.9182,-0.51,0.00138044577447488,7548,6028,314250.8,0.24067400305654,0.587006501601017,-0.313896658954693,0.0999999999999996,0.0530082175147939,-0.280655198450219,-8.53372269905108,3.9384963,90.9182,-0.51,16.0287081339713,0.0211244385500854,-0.0158642846134696,1,1,1,1,1,1,0,1,1,0,1,1,1,1,1,1,1,1
1989-11-01,19.89,568220,19.86,7.64,8.01,9.81,8.92,125.9,NA,61.4966,5.3,3114.1,82.6969,10.646874,91.59669,-0.42,0.000550191516023521,7453,6187,320437.5,0.479617226349305,0.696036064958072,-0.134875812841795,0,-1.26659916067471,1.94958563329681,2.6035035784604,10.646874,91.59669,-0.42,15.7744241461477,-0.0158642846134696,0.05907225479385,1,1,1,1,1,1,0,0,1,0,1,1,0,0,0,1,1,1
1989-12-01,21.82,601890,21.1,7.69,7.87,9.81,8.89,126.3,NA,61.7044,5.4,3133.3,82.7778,18.189846,107.84913,0.14,0.00562047807593301,7536,6171,325064.25,0.39793128514809,0.614657631930271,0.337335244121473,0.100000000000001,1.10749013745046,1.43356055549617,-0.258941720992212,18.189846,107.84913,0.14,16.7062549485352,0.05907225479385,0.0732155004181766,1,1,1,1,1,1,1,1,1,1,1,1,1,1,0,1,0,1
1990-01-01,22.68,803210,22.86,7.63,7.84,9.82,8.86,127.5,NA,62.0428,5.4,3152.5,83.0331,14.604286,107.09523,-0.01,0.000844808392375752,7337,5463,326616.6,0.317208830614391,0.610902660354817,0.546922829010921,0,-2.67614975422035,0.476415084517789,-12.186280992535,14.604286,107.09523,-0.01,17.9294117647059,0.0732155004181766,-0.0365864911417323,1,1,1,1,1,1,1,1,1,1,1,1,1,1,1,1,1,1
1990-02-01,21.54,609140,22.11,7.64,8.21,9.94,8.99,128,NA,61.729,5.4,3166.8,82.4179,16.535746,100.35918,-0.23,0.000930562907398857,7546,6212,325584.25,0.945633524203604,0.452582545820412,-0.507063276692499,0,2.80875818102615,-0.316574522151924,12.8484815872861,16.535746,100.35918,-0.23,17.2734375,-0.0365864911417323,-0.0820955311101779,1,1,1,1,1,1,0,0,1,1,1,1,1,1,1,1,1,1
1990-03-01,20.28,568360,20.39,7.74,8.47,10.14,9.22,128.6,NA,62.2896,5.3,3179.2,82.9732,13.101773,89.59095,0.55,0.00289204574702081,7497,5895,328151.5,0.391389932113562,0.390797850027269,0.90406409731596,-0.100000000000001,-0.651468102119424,0.785413126704348,-5.23783712971078,13.101773,89.59095,0.55,15.855365474339,-0.0820955311101779,-0.0982292160892085,0,0,1,1,1,1,0,0,0,1,1,1,0,0,0,0,1,1
1990-04-01,18.54,611100,18.43,7.9,8.59,10.21,9.37,128.9,NA,62.5999,5.2,3190.1,83.1981,12.55043,86.06529,0.17,0.00100858315824256,7433,6117,334290,0.46765478839017,0.342267145238395,0.496920299174874,-0.0999999999999996,-0.857339477776797,1.85334877374892,3.69672462710948,12.55043,86.06529,0.17,14.2979053529868,-0.0982292160892085,-0.0140095061053338,0,0,0,0,0,0,0,0,0,0,1,0,0,0,0,0,0,0
1990-05-01,17.4,779670,18.2,7.77,8.79,10.3,9.46,129.1,NA,62.4359,5.4,3201.6,82.8001,2.7146914,76.6617,-0.71,0.00103224405193787,7407,5813,350901.75,0.233009814162344,0.35984205795323,-0.26232502058825,0.2,-0.350404671200444,4.84973900254957,-5.09749915412154,2.7146914,76.6617,-0.71,14.0975987606507,-0.0140095061053338,-0.0880685903780592,0,0,0,0,0,0,0,0,0,0,0,0,0,0,0,0,0,0
1990-06-01,17.07,800090,16.7,7.74,8.76,10.41,9.47,129.9,NA,62.6258,5.4,3200.6,82.8798,-6.1884952,118.53795,0.02,0.000966780833942279,7328,6454,359099,0.155038790745454,-0.0312392617578539,0.303690331972906,0,-1.07228716593237,2.30918467359658,10.4603304910556,-6.1884952,118.53795,0.02,12.8560431100847,-0.0880685903780592,0.099710922981623,0,0,0,0,0,0,0,0,0,0,0,0,0,0,0,0,0,0
1990-07-01,20.69,844590,18.45,7.73,8.48,10.22,9.26,130.5,NA,62.8382,5.2,3213.7,82.9978,-15.016413,120.52674,-0.04,0.00136144745196689,7106,6423,367303.4,0.61776258239572,0.408462909859963,0.338583502695045,-0.2,-3.07631297729944,2.25900930326066,-0.481479535411466,-15.016413,120.52674,-0.04,14.1379310344828,0.099710922981623,0.467844169323152,1,1,0,0,0,0,1,1,1,0,1,1,0,0,0,0,0,0
1990-08-01,27.32,1260000,27.31,7.62,8.47,10.2,9.24,131.6,NA,62.7284,5.5,3224.5,82.7018,-24.997452,111.56962,-0.58,0.00135082597891365,7173,6855,369119,0.460830308619453,0.335497813994223,-0.174887315553374,0.3,0.938447954546362,0.493087575455675,6.50930147386237,-24.997452,111.56962,-0.58,20.7522796352584,0.467844169323152,0.21868857215893,1,1,1,1,1,1,1,1,1,1,1,1,1,1,0,0,0,0
1990-09-01,39.51,838570,33.51,7.45,8.75,10.41,9.41,132.5,NA,62.9475,5.7,3242,82.8509,-15.981486,142.16524,-0.22,0.00129843913531205,7287,6452,360770.2,0.839379212846847,0.54125238451892,0.34867499970046,0.2,1.57679615438475,-2.28778947333534,-6.05881527513166,-15.981486,142.16524,-0.22,25.2905660377358,0.21868857215893,0.0682438547959681,1,1,1,1,1,1,1,1,1,1,1,1,1,1,1,1,1,0
1990-10-01,35.23,1340000,36.04,7.36,8.89,10.64,9.56,133.4,NA,62.9523,5.9,3254.6,82.7293,-18.57802,157.69529,-0.8,0.00582779501504615,7224,5664,350028.5,0.681562653505985,0.387895693089391,0.0076251114018433,0.2,-0.868312257346204,-3.02266108025808,-13.0259803871544,-18.57802,157.69529,-0.8,27.0164917541229,0.0682438547959681,-0.104954023494214,1,1,1,1,1,1,0,1,1,1,1,1,0,0,1,1,1,1
1990-11-01,28.85,885340,32.33,7.17,8.72,10.74,9.53,133.7,NA,62.5845,5.9,3259.3,82.1303,-14.561741,141.11953,-0.92,0.00198479576905641,7542,5132,329562.25,0.676948805524713,0.144306815137618,-0.585965314367698,0,4.30785827214812,-6.0249321030815,-9.86349096380277,-14.561741,141.11953,-0.92,24.1810022438295,-0.104954023494214,-0.159345479253396,1,1,1,1,1,1,0,0,1,1,1,1,0,0,0,0,1,0
1990-12-01,28.44,597820,27.28,7.06,8.39,10.62,9.3,134.2,NA,61.7887,6.2,3262.6,80.9828,-9.5981454,145.29094,-1.4,0.00449277356862014,7387,5085,328568.8,0.224635062637368,0.101197512431206,-1.27971437648062,0.3,-2.0765700289564,-0.301900587902004,-0.92004172528668,-9.5981454,145.29094,-1.4,20.327868852459,-0.159345479253396,-0.0785796393419068,1,1,1,1,1,1,0,0,0,1,1,1,0,0,0,0,0,0
1991-01-01,21.54,712180,25.23,6.74,8.08,10.43,9.05,134.7,NA,61.3352,6.3,3271.8,80.2964,-0.32153348,134.48512,-0.96,0.00243989092243019,7338,4611,319869.5,0.373274042968408,0.281586865786743,-0.736659658813377,0.0999999999999996,-0.665537261351012,-2.68331527142873,-9.78502762759543,-0.32153348,134.48512,-0.96,18.7305122494432,-0.0785796393419068,-0.188870110120423,0,0,0,1,1,1,0,0,0,1,1,0,0,0,0,0,0,0
1991-02-01,19.16,635380,20.48,6.22,8.09,10.45,9.04,134.8,NA,61.1355,6.4,3287.7,79.9522,0.30575497,175.65861,-1.09,0.000794597701788725,7500,5296,307519,0.371885887873713,0.484793997738642,-0.326119107656364,0.100000000000001,2.18366946091741,-3.93762261600195,13.8507065410138,0.30575497,175.65861,-1.09,15.1928783382789,-0.188870110120423,-0.0283203125,0,0,0,0,0,0,0,0,0,0,1,0,0,0,0,0,0,0
1991-03-01,19.63,677570,19.9,5.94,7.85,10.07,8.83,134.8,NA,60.6838,6.6,3304.5,79.2872,10.061796,115.21345,-0.86,0.00319355074572813,7637,5485,313742.25,0.0742115061887816,0.509694377305081,-0.741593606502811,0.199999999999999,1.81018353639821,2.00349149900738,3.50652750924869,10.061796,115.21345,-0.86,14.7626112759644,-0.0283203125,0.0444093152661904,0,0,0,0,0,0,1,0,0,0,1,0,0,0,0,0,0,0
1991-04-01,20.96,820320,20.83,5.91,8.11,10.09,8.93,135.1,NA,60.3346,6.8,3321.9,78.7629,18.00202,116.02571,-0.9,0.00243134448280042,7546,5166,319746,0,0.52517324616641,-0.577103926629174,0.2,-1.19872343641276,1.89551416617491,-5.99183990535455,18.00202,116.02571,-0.9,15.4182087342709,0.0444093152661904,0.0154449490679571,0,0,0,0,0,0,1,1,0,0,1,1,0,0,0,0,0,0
1991-05-01,21.13,788720,21.23,5.65,8.04,9.94,8.86,135.6,NA,60.4938,6.7,3332.4,78.9062,10.549864,107.24167,0.02,0.0013750573952087,7509,5529,324480.5,0.222304648794669,0.315585672858276,0.263514359411321,-0.0999999999999996,-0.491532042437193,1.46985112811553,6.79082726821463,10.549864,107.24167,0.02,15.6563421828909,0.0154449490679571,-0.0517843783768806,0,0,0,0,0,0,1,1,1,0,0,1,1,1,1,1,0,0
1991-06-01,20.56,590620,20.19,5.46,8.07,9.86,8.86,136,NA,61.0633,6.9,3343,79.5846,14.385265,94.75868,-0.04,0.00207253557421649,7409,6363,328694.4,0.369413054014167,0.317584231934376,0.937015060119784,0.2,-1.34068236832281,1.2903001824764,14.049299689486,14.385265,94.75868,-0.04,14.8455882352941,-0.0517843783768806,0.058374226056574,0,0,0,0,0,0,0,0,1,0,0,1,1,0,1,1,1,0
1991-07-01,21.68,763700,21.4,5.57,8.28,9.96,9.01,136.2,NA,61.5581,6.9,3351.9,80.1624,16.569496,96.9376,0.03,0.00158641612995785,7320,6334,336155,0.294551022975753,0.265874180130332,0.807041324905455,0,-1.20851494612992,2.24439194031252,-0.456801613420765,16.569496,96.9376,0.03,15.712187958884,0.058374226056574,0.0105834621857939,0,0,0,0,0,0,1,1,1,1,0,1,1,1,1,1,1,1
1991-08-01,22.26,707270,21.69,5.58,8.27,9.89,9,136.6,NA,61.7305,6.8,3356.1,80.3158,8.0964621,93.53158,0.15,0.00117988879627789,7347,5955,331953,0.146950797935919,0.125223629959237,0.279669186556841,-0.100000000000001,0.368173866491972,-1.25789704865085,-6.17007453091833,8.0964621,93.53158,0.15,15.8784773060029,0.0105834621857939,0.00627420890921496,1,0,1,0,0,0,1,1,1,1,0,0,1,1,1,1,1,1
1991-09-01,22.23,710820,21.89,5.33,7.9,9.65,8.75,137,NA,61.7298,6.9,3355,80.2365,2.9353869,100.59554,-0.34,0.00110533297633932,7316,6645,331372.4,0.293255342127807,-0.0327815115211294,-0.00113396776129093,0.100000000000001,-0.422833610952011,-0.175057414738333,10.9633489357945,2.9353869,100.59554,-0.34,15.978102189781,0.00627420890921496,0.0596682058583403,1,0,1,0,1,0,0,1,1,1,0,0,1,1,1,1,1,1
1991-10-01,23.37,880790,23.23,5.22,7.65,9.51,8.61,137.2,NA,62.2195,6.9,3354.9,80.7851,6.0440958,117.04782,0.26,0.00203763752417346,7368,5812,322203,0.292397869143546,-0.00298067035302552,0.790165895112249,0,0.708256842438537,-2.80610367961049,-13.3939946457172,6.0440958,117.04782,0.26,16.9314868804665,0.0596682058583403,-0.0373566037111064,1,1,1,1,1,1,1,1,1,1,1,0,1,1,1,1,1,1
1991-11-01,21.48,902670,22.46,4.99,7.53,9.49,8.55,137.8,NA,62.1855,7,3360.1,80.6424,10.386661,105.54142,-0.36,0.00047469602934996,7437,5683,326544,0.145878946365929,0.154877171688206,-0.0546601838294691,0.0999999999999996,0.932124276815749,1.33829205843234,-2.2445483393053,10.386661,105.54142,-0.36,16.2989840348331,-0.0373566037111064,-0.134302757885702,1,0,1,1,1,1,0,0,0,1,1,0,1,1,1,1,1,1
1991-12-01,19.12,814150,19.5,4.56,7.42,9.45,8.48,138.2,NA,62.0871,7,3365.5,80.4053,10.984744,122.24914,-0.39,0.00112553093030596,7328,5528,329284,0.436364328777383,0.160580503163388,-0.158361570554266,0,-1.47649143493336,0.835589801731729,-2.76531758496148,10.984744,122.24914,-0.39,14.10998552822,-0.134302757885702,-0.0371069951981018,0,0,0,0,0,1,0,0,0,0,0,0,0,0,0,1,1,1
1992-01-01,18.9,819630,18.79,4.07,7.09,9.26,8.31,138.3,NA,61.7852,7.3,3372.2,79.8949,5.5447489,139.99912,-0.81,0.00204887001941859,7299,5565,320002.5,0.289855275401152,0.198880989311156,-0.487438430952292,0.3,-0.396527490233289,-2.85917920248764,0.667089826213818,5.5447489,139.99912,-0.81,13.586406362979,-0.0371069951981018,0.00951851058290687,0,0,0,0,0,0,0,0,0,0,0,0,0,0,0,0,0,0
1992-02-01,18.68,572340,19.01,3.8,7.03,9.13,8.2,138.6,NA,61.4616,7.3,3381.2,79.3278,2.6704496,109.20085,-0.07,0.0020495507203837,7361,5956,318295.4,0.0723327337142976,0.266532571089328,-0.525126402675546,0,0.845844060707357,-0.534892585469038,6.79021300942555,2.6704496,109.20085,-0.07,13.7157287157287,0.00951851058290687,-0.00831186885255831,0,0,0,0,0,0,0,0,0,0,0,0,0,0,0,0,0,0
1992-03-01,19.44,649230,18.92,3.84,7.34,9.23,8.29,139.1,NA,61.8955,7.4,3400,79.7329,-10.683975,125.53676,0.1,0.000872290456171797,7389,5079,320194.5,0.216684808509005,0.554475554947942,0.703488959229048,0.100000000000001,0.379661472994108,0.594874124200473,-15.9284723002655,-10.683975,125.53676,0.1,13.6017253774263,-0.00831186885255831,0.0669378126127984,0,0,0,0,0,0,1,1,1,0,0,0,0,0,0,0,0,0
1992-04-01,20.85,809700,20.23,4.04,7.54,9.25,8.35,139.4,NA,62.4232,7.4,3403.9,80.2464,-18.011069,91.70582,0.44,0.000914468773272367,7348,5321,329195.75,0.360101217359432,0.114640145420353,0.848952200049879,0,-0.55642404536318,2.77239349839551,4.65468637951236,-18.011069,91.70582,0.44,14.5121951219512,0.0669378126127984,0.0348465800063763,1,1,0,0,0,0,1,1,1,0,0,0,0,0,0,0,0,0
1992-05-01,22.11,761070,20.98,3.75,7.48,9.21,8.33,139.7,NA,62.897,7.4,3399.7,80.6802,-21.826653,87.58229,0.23,0.000469756149424653,7293,6127,329803.75,0.215439939702655,-0.12346406412842,0.756146666679669,0,-0.751318335078288,0.184522195392134,14.1043978129286,-21.826653,87.58229,0.23,15.0178954903364,0.0348465800063763,0.0641598776306453,1,1,1,1,1,0,1,1,1,1,0,1,1,1,1,1,0,0
1992-06-01,21.6,761270,22.39,3.63,7.39,9.13,8.28,140.1,NA,63.104,7.6,3398.6,80.764,-14.158998,96.87494,-0.06,0.00165902741666772,7169,6060,333260.2,0.214976793649235,-0.0323610317167322,0.328569116478317,0.199999999999999,-1.71488091313616,1.04257856538794,-1.09954336622948,-14.158998,96.87494,-0.06,15.9814418272662,0.0641598776306453,-0.0300137167234356,1,1,1,1,1,1,0,1,1,1,0,1,1,0,1,1,1,1
1992-07-01,21.87,730170,21.78,3.66,7.26,9.05,8.22,140.5,NA,63.1363,7.8,3393.4,80.6204,-22.163205,122.34916,0.05,0.000690027371736335,7167,6171,324318.5,0.285918708004562,-0.153121349116603,0.0511722495983413,0.2,-0.0279017858952457,-2.71975086109997,1.81510992577074,-22.163205,122.34916,0.05,15.5017793594306,-0.0300137167234356,-0.0222896579430673,1,1,1,1,1,1,1,0,1,1,0,1,1,1,1,1,1,1
1992-08-01,21.48,697710,21.34,3.21,6.84,8.84,8.07,140.8,NA,63.7176,7.7,3393.9,81.1771,-31.589782,120.91493,0.42,0.000752980366177106,7131,6796,311654.2,0.285103543083931,0.0147333991693088,0.916493807293151,-0.0999999999999996,-0.503567996561571,-3.98318178107697,9.64733044707557,-31.589782,120.91493,0.42,15.15625,-0.0222896579430673,0.0231246392483215,1,1,1,1,1,1,0,0,0,1,1,0,1,0,1,1,1,1
1992-09-01,21.71,632950,21.88,3.13,6.59,8.65,7.95,141.1,NA,63.3613,7.6,3398.8,80.5433,-31.541745,115.90751,-0.61,0.000897885520127422,6922,6457,312180.25,0.213295495014165,0.14427255288556,-0.56075545766312,-0.100000000000001,-2.97467318330131,0.168650552942928,-5.11693901653558,-31.541745,115.90751,-0.61,15.5067328136074,0.0231246392483215,-0.0128812577490101,1,1,1,1,1,1,1,0,1,1,1,0,1,1,1,1,1,1
1992-10-01,20.62,790170,21.69,2.91,6.42,8.62,7.92,141.7,NA,63.5703,7.6,3410.3,80.6355,-32.907791,127.01963,0.09,0.000369183335623409,7030,6218,309516.25,0.212841513482598,0.337783581805517,0.329311517190156,0,1.54819606094208,-0.857015056485189,-3.77165020077683,-32.907791,127.01963,0.09,15.3069865913903,-0.0128812577490101,-0.0648803805396819,0,0,1,1,1,1,0,0,0,0,1,0,0,0,1,1,1,1
1992-11-01,19.89,567480,20.34,2.86,6.59,8.84,7.99,142.1,NA,63.9995,7.3,3423.8,81.0138,-32.313482,138.52178,0.21,0.000872241582464106,7126,6696,310885.4,0.424328783786621,0.395078139323601,0.672889068479865,-0.3,1.35633613610704,0.441376073945854,7.40620215506116,-32.313482,138.52178,0.21,14.3138634764251,-0.0648803805396819,-0.0470639328188195,0,0,0,0,0,1,0,0,0,0,1,0,0,0,0,0,0,1
1992-12-01,19.5,678580,19.41,3.13,6.87,8.96,8.1,142.3,NA,64.2422,7.4,3426.5,81.1636,-19.546585,118.77686,0.1,0.000944143763531905,7024,6121,306462,0.281888840641997,0.0788286685200035,0.378504479829456,0.100000000000001,-1.44172108508283,-1.43305882586784,-8.97848513182407,-19.546585,118.77686,0.1,13.6401967673928,-0.0470639328188195,-0.0230103891118528,0,0,0,0,0,0,0,0,0,0,1,1,0,0,0,0,0,0
1993-01-01,20.26,840990,19.03,3.22,6.77,8.81,7.98,142.8,NA,64.3507,7.4,3424.7,81.1549,-7.7413595,106.86792,0.45,0.000508097515218668,7103,5937,308661.25,0.140646999275162,-0.0525455406766184,0.168749636639998,0,1.11843736828572,0.715062996206584,-3.05215265803938,-7.7413595,106.86792,0.45,13.3263305322129,-0.0230103891118528,0.0534883131676675,0,0,0,0,0,0,1,1,0,0,0,1,0,0,0,0,0,0
1993-02-01,20.6,652350,20.09,3,6.6,8.67,7.91,143.1,NA,64.5978,7.3,3419.1,81.3264,-12.363032,102.53033,0.21,0.000471552764040994,6961,6292,304560,0.350754480967819,-0.16365180893132,0.383254248724452,-0.100000000000001,-2.01940878291431,-1.3376285153738,5.80750299074921,-12.363032,102.53033,0.21,14.0391334730957,0.0534883131676675,0.0100368300776304,0,0,0,0,0,0,1,1,1,0,0,1,1,1,0,0,0,0
1993-03-01,20.44,706260,20.32,2.93,6.26,8.39,7.71,143.3,NA,64.9089,7.1,3414.5,81.5884,-10.199076,119.96253,0.16,0.000348852111434671,6943,6156,313545,0.209863665692023,-0.134628912865509,0.480439387932474,-0.2,-0.258918441539358,2.90747783676135,-2.18517692193991,-10.199076,119.96253,0.16,14.1800418702024,0.0100368300776304,-0.00690995531852002,0,0,0,0,0,0,0,1,1,0,0,1,0,0,0,0,0,0
1993-04-01,20.53,608710,20.25,2.95,5.98,8.15,7.58,143.8,NA,64.8522,7,3411.7,81.3955,-2.0801181,121.55786,-0.46,0.00114737267067218,6974,6488,321485.75,0.139664827172137,-0.0820368625893408,-0.0873913732368337,-0.0999999999999996,0.445499048232278,2.50103287698344,5.252710083648,-2.0801181,121.55786,-0.46,14.0820584144645,-0.00690995531852002,-0.0175476447321107,0,0,0,0,0,0,1,0,1,0,0,0,1,1,0,0,1,0
1993-05-01,20.02,638240,19.95,2.87,5.97,8.14,7.46,144.2,NA,65.0301,7.1,3411.3,81.5045,1.9517189,109.25684,0.26,0.00100472581860359,6881,6928,327529.6,0.348311045282035,-0.0117250476463937,0.273940500363601,0.0999999999999996,-1.34249580331165,1.86252134588276,6.56168544470219,1.9517189,109.25684,0.26,13.8349514563107,-0.0175476447321107,-0.0437708964024753,0,0,0,0,0,0,0,0,0,1,0,0,0,0,1,0,0,0
1993-06-01,18.85,774040,19.09,2.96,6.04,8.21,7.43,144.3,NA,64.784,7.1,3436.9,81.0851,8.033042,133.58967,-0.12,0.00100478304781711,6847,6809,334326.5,0.277777956390235,0.747645198666369,-0.379158034187999,0,-0.495339008141649,2.05396277304875,-1.73259047593053,8.033042,133.58967,-0.12,13.2293832293832,-0.0437708964024753,-0.064157215593229,0,0,0,0,0,0,0,0,0,0,0,0,0,0,0,0,0,0
1993-07-01,17.88,943320,17.89,3.07,5.96,8.07,7.33,144.5,NA,64.9301,7,3442.4,81.1568,4.6958343,126.04877,0.04,0.000817306053524356,6795,7201,332949.5,0.069324092897638,0.159900023894011,0.225264734953345,-0.0999999999999996,-0.762355253581859,-0.412723357248623,5.59746387659015,4.6958343,126.04877,0.04,12.3806228373702,-0.064157215593229,0.00462193762372271,0,0,0,0,0,0,0,0,0,0,0,0,0,0,0,0,0,0
1993-08-01,18.29,972800,18.01,3.04,5.81,7.93,7.17,144.8,NA,65.1052,6.9,3442,81.262,-6.7867702,117.5845,-0.01,0.000573852081888988,6688,7289,336538,0.138504177266174,-0.0116204752906413,0.269311649731296,-0.0999999999999996,-1.58721718207069,1.07202430721483,1.21464571333458,-6.7867702,117.5845,-0.01,12.4378453038674,0.00462193762372271,-0.0296578529169619,0,0,0,0,0,0,1,0,0,0,0,0,0,0,0,0,0,0
1993-09-01,18.79,1110000,17.5,3.02,5.68,7.6,6.85,145,NA,65.0267,6.8,3445.7,81.0442,-6.1030066,106.03237,-0.03,0.000609237790683889,6758,6641,329255,0.207397239912943,0.107437906874885,-0.120646835283011,-0.100000000000001,1.04121125096981,-2.18785433637301,-9.31038078414996,-6.1030066,106.03237,-0.03,12.0689655172414,-0.0296578529169619,0.0328689167974883,0,0,0,0,0,0,1,1,0,0,0,0,1,1,0,0,0,0
1993-10-01,16.92,876120,18.15,2.95,5.36,7.34,6.66,145.6,NA,65.3717,6.7,3452.2,81.3448,-3.9335822,106.27469,0.4,0.000281567271564023,6712,6581,319003.5,0.138026246895784,0.188463211235579,0.529148831573512,-0.0999999999999996,-0.683001912719305,-3.1630452025448,-0.907584508459536,-3.9335822,106.27469,0.4,12.4656593406593,0.0328689167974883,-0.0873557492735575,0,0,0,0,0,0,0,0,0,0,0,0,0,0,1,1,0,0
1993-11-01,15.43,1120000,16.61,3.02,5.33,7.31,6.67,146,NA,65.8509,6.8,3456.7,81.7992,-7.4791088,84.48769,0.36,0.000470674155459728,6839,7181,313799.8,0.412939334201123,0.130266775792265,0.730365242230313,0.0999999999999996,1.87445529510537,-1.64468715613886,8.72519396542,-7.4791088,84.48769,0.36,11.3767123287671,-0.0873557492735575,-0.127620375441916,0,0,0,0,0,0,0,0,0,0,0,0,0,0,0,0,0,0
1993-12-01,14.17,882630,14.52,3.1,5.72,7.66,6.93,146.3,NA,66.1518,6.6,3470.1,82.0178,-13.057467,84.55661,0.29,0.000314010366520429,6912,6997,316589.5,0.274348594575091,0.386903525895477,0.455900555324895,-0.2,1.06175093857956,0.885077907002874,-2.59571633644207,-13.057467,84.55661,0.29,9.92481203007519,-0.127620375441916,0.0351239669421489,0,0,0,0,0,0,0,0,0,0,0,0,0,0,0,0,0,0
1994-01-01,15.19,858560,15.03,3.06,5.77,7.69,6.93,146.3,NA,66.5436,6.5,3474.5,82.3349,-18.232606,77.52033,0.5,0.000576352624098758,6858,6838,326642.8,0.205268631774214,0.126717178491553,0.590527084702952,-0.0999999999999996,-0.784317746102658,3.12612370827878,-2.29861945466503,-18.232606,77.52033,0.5,10.2734107997266,0.0351239669421489,-0.0193146993901313,0,0,0,0,0,0,1,0,0,0,0,0,0,0,0,0,0,0
1994-02-01,14.48,791770,14.78,2.98,5.75,7.65,6.92,146.7,NA,66.7351,6.6,3474.9,82.3903,-18.715976,80.0098,0.07,0.000269683368552568,6817,5945,314481,0,0.011511785202778,0.287367946692818,0.0999999999999996,-0.599636166008111,-3.79435581419134,-13.9944761074364,-18.715976,80.0098,0.07,10.0749829584185,-0.0193146993901313,-0.00946674038170523,0,0,0,0,0,0,0,1,0,0,0,0,0,0,0,0,0,0
1994-03-01,14.79,871390,14.68,3.25,5.97,7.76,7.08,147.1,NA,66.774,6.6,3475.7,82.2437,-24.792112,94.5927,0.21,0.000423487440149508,6770,6313,314289.25,0.273037712285706,0.0230195955323254,0.0582731830276906,0,-0.691840545646372,-0.0609920733189995,6.00604692427424,-24.792112,94.5927,0.21,9.97960571040109,-0.00946674038170523,0.117768740374363,0,0,0,0,0,0,1,0,1,0,0,0,0,0,0,0,0,0
1994-04-01,16.9,976350,16.42,3.5,6.48,8.13,7.48,147.2,NA,67.4552,6.5,3480.1,82.871,-25.418125,87.00632,0.98,0.0010262935991737,6746,6372,317806.75,0.27229424584565,0.126513142611095,1.01498906066313,-0.0999999999999996,-0.355135028472553,1.11297534226846,0.930239266231325,-25.418125,87.00632,0.98,11.1548913043478,0.117768740374363,0.087308986560416,1,1,0,0,0,0,1,1,1,0,0,0,1,1,1,1,0,0
1994-05-01,18.31,1050000,17.89,3.68,6.97,8.52,7.88,147.5,NA,67.8541,6.4,3481.3,83.1358,-13.192384,100.41637,0.26,0.000892103862909125,6612,6955,320500.8,0.0679578687384108,0.034475824170066,0.589613804265277,-0.0999999999999996,-2.00635566806806,0.844127880695567,8.75474333276038,-13.192384,100.41637,0.26,12.128813559322,0.087308986560416,0.0625182591685118,1,1,1,1,1,1,1,1,1,1,1,0,1,1,1,1,1,1
1994-06-01,19.37,935540,19.06,4.14,7.18,8.62,7.99,147.9,NA,68.1663,6.1,3490.8,83.2793,-0.29087287,96.5273,0.4,0.00137366623646778,6688,7198,316308,0.203596948509865,0.272514905961252,0.459049595854744,-0.300000000000001,1.14286958236232,-1.31683500218163,3.43423842814339,-0.29087287,96.5273,0.4,12.8870858688303,0.0625182591685118,0.0280042029284741,1,1,1,1,1,1,1,1,1,1,1,1,1,1,1,1,1,1
1994-07-01,20.3,889340,19.66,4.14,7.1,8.65,7.97,148.4,NA,68.6265,6.1,3479.5,83.5893,-9.6205212,92.37979,0.45,0.000750583087081724,6611,7358,309575.5,0.270819393687916,-0.324233100425175,0.672844968713626,0,-1.15799474309597,-2.15144182182794,2.19849470257429,-9.6205212,92.37979,0.45,13.2479784366577,0.0280042029284741,-0.0688714864099081,1,1,1,1,1,1,1,1,1,1,1,1,1,1,1,1,1,1
1994-08-01,17.56,1020000,18.38,4.33,7.3,8.8,8.11,149,NA,68.7178,6.1,3488.2,83.4406,-5.639871,85.37095,0.05,0.00079724297668067,6501,7857,313822.8,0.33749610165259,0.249723854966355,0.132950567949841,0,-1.67789171291091,1.36264911859136,6.56166975111017,-5.639871,85.37095,0.05,12.3355704697987,-0.0688714864099081,-0.0525061822782707,1,1,1,1,1,1,0,0,0,1,1,0,1,1,1,1,1,1
1994-09-01,18.39,744790,17.45,4.48,7.24,8.74,8.07,149.3,NA,69.1785,6,3485.7,83.7334,-0.39402518,92.82606,0.82,0.000327671598767992,6544,7488,310189.75,0.403497521217933,-0.071695897764279,0.668185751292683,-0.0999999999999996,0.659258807811369,-1.16442884047085,-4.81031150183924,-0.39402518,92.82606,0.82,11.687876758205,-0.0525061822782707,0.0147930787140922,1,1,1,1,1,1,1,0,0,1,1,0,1,1,1,1,1,1
1994-10-01,18.19,808370,17.72,4.62,7.46,8.98,8.34,149.4,NA,69.3961,5.9,3486.1,83.7254,3.2838966,90.63002,0.12,0.000559113264725124,6609,7868,311207.6,0.201139859968524,0.0114747984865105,0.314054926155194,-0.0999999999999996,0.988375718787005,0.327600660130223,4.9502161351521,3.2838966,90.63002,0.12,11.8607764390897,0.0147930787140922,0.0170287245296212,1,1,1,1,1,1,0,1,0,1,1,1,1,1,1,1,1,1
1994-11-01,18.05,832290,18.07,4.95,7.74,9.2,8.57,149.8,NA,69.9544,5.8,3484.3,84.1216,19.623388,76.49899,0.63,0.000802899578986507,6658,7136,321708.25,0.0669568153572442,-0.0516469654542107,0.801293123785829,-0.100000000000001,0.738678266451664,3.31848653271667,-9.76515052491038,19.623388,76.49899,0.63,12.0627503337784,0.0170287245296212,-0.0522577274622672,1,1,1,1,1,1,0,0,1,0,1,1,0,1,1,1,1,1
1994-12-01,17.76,693560,17.16,5.29,7.96,9.32,8.68,150.1,NA,70.4326,5.6,3487.2,84.414,22.466569,91.77528,0.53,0.00115818889218453,6628,7034,325264,0.267379838440274,0.0831958736933203,0.681262295668539,-0.2,-0.451603958851621,1.09920813516755,-1.43968612259187,22.466569,91.77528,0.53,11.4323784143904,-0.0522577274622672,0.0484879461623647,0,1,0,1,0,1,0,0,0,0,1,1,0,0,0,0,0,1
1995-01-01,18.39,791630,18.04,5.6,7.81,9.1,8.46,150.5,NA,71.1523,5.5,3486.4,84.9892,29.233057,91.795,0.62,0.000835961248500021,6760,7193,318906,0.200066755629624,-0.0229436733826915,1.01664259222325,-0.0999999999999996,1.97197904905568,-1.97407717642424,2.23527968334292,29.233057,91.795,0.62,11.9867109634551,0.0484879461623647,0.0266505181769691,0,1,0,1,0,1,1,1,1,0,1,1,0,1,0,0,0,0
1995-02-01,18.49,653680,18.57,5.71,7.78,9.08,8.46,150.9,NA,71.2734,5.6,3492.4,84.8472,30.331513,107.95494,0.11,0.000705296960044496,6682,6505,310321.25,0.266134554951414,0.171949374629676,0.170053619793809,0.0999999999999996,-1.16055461203075,-2.7288337290841,-10.0537218920751,30.331513,107.95494,0.11,12.3061630218688,0.0266505181769691,-0.00359643049465323,0,1,0,1,0,1,1,1,1,1,1,1,1,1,0,1,0,0
1995-03-01,19.17,950550,18.54,5.77,7.47,8.85,8.26,151.2,NA,71.193,5.4,3489.9,84.4634,28.885991,86.32307,-0.24,0.000289375581147055,6794,6546,307348.25,0.265428158487335,-0.0716096445820824,-0.112868730501159,-0.199999999999999,1.66225258038271,-0.962658172120712,0.628306411451973,28.885991,86.32307,-0.24,12.2619047619048,-0.00359643049465323,0.0691123987873668,1,1,1,1,1,1,1,1,1,1,0,1,1,1,1,1,1,1
1995-04-01,20.38,760450,19.9,5.73,7.2,8.7,8.12,151.8,NA,71.3113,5.4,3491.1,84.3123,38.705239,78.09662,-0.07,0.000465343053686611,6600,7391,312117.6,0.198609797162952,0.0343790291310597,0.166030115828697,0,-2.89702207060127,1.53985703663295,12.1408867723762,38.705239,78.09662,-0.07,13.1093544137022,0.0691123987873668,-0.00999672920817082,1,1,1,1,1,1,1,1,1,1,1,1,1,1,1,1,1,1
1995-05-01,18.89,1e+06,19.74,5.65,7.06,8.6,8.03,152.1,NA,71.1882,5.8,3499.2,83.8748,41.260962,65.99178,-0.55,0.000484307153712435,6604,7038,319638.25,0.396040121609698,0.231749814036242,-0.172772579021618,0.399999999999999,0.06058770255013,2.3809847713256,-4.89390049033567,41.260962,65.99178,-0.55,12.9783037475345,-0.00999672920817082,-0.067189407175167,1,1,1,1,1,1,0,0,1,1,1,1,1,1,1,1,1,1
1995-06-01,17.4,828770,18.45,5.67,6.63,8.2,7.65,152.4,NA,71.5378,5.6,3524.2,83.9876,40.831718,74.70236,0.02,0.000256921495066627,6629,7325,314232,0.197433430371685,0.711908921212689,0.489890698511886,-0.2,0.37784372013725,-1.70583209884398,3.99691160037374,40.831718,74.70236,0.02,12.1062992125984,-0.067189407175167,-0.0619356626069537,0,0,0,0,1,1,0,0,0,0,0,0,0,0,1,1,1,1
1995-07-01,17.56,786290,17.33,5.47,6.17,7.9,7.3,152.6,NA,71.7749,5.6,3548.9,83.9584,29.367944,79.67356,0.23,0.00101144328013023,6579,7927,304965.6,0.19704439872994,0.698423616363364,0.33088514322035,0,-0.757120515539356,-2.99325832323163,7.89814989518884,29.367944,79.67356,0.23,11.3564875491481,-0.0619356626069537,0.0377751620242912,0,0,0,0,0,0,1,0,0,0,0,0,1,1,1,1,1,1
1995-08-01,17.84,766880,18.02,5.42,6.28,8.04,7.41,152.9,NA,71.4748,5.7,3567.4,83.2944,27.59345,83.03811,-0.59,0.000696762157558615,6449,7265,299268,0.131147559781031,0.519934282593937,-0.418989274010606,0.100000000000001,-1.99576780756203,-1.88594903561849,-8.72063568327732,27.59345,83.03811,-0.59,11.785480706344,0.0377751620242912,0.0103321586944185,0,0,0,0,0,0,1,1,0,0,0,1,1,1,1,1,1,1
1995-09-01,17.54,841220,18.23,5.4,6.49,8.19,7.57,153.1,NA,72.4223,5.7,3589,84.0724,33.429813,66.76376,0.74,0.000773224684924887,6447,7437,290087,0.196399408465986,0.603657302340288,1.3169322992451,0,-0.0310173699757499,-3.11586150155438,2.33992446989166,33.429813,66.76376,0.74,11.907250163292,0.0103321586944185,-0.0463752164256578,0,0,0,0,0,0,0,0,1,0,0,0,1,1,1,1,1,1
1995-10-01,17.64,774100,17.43,5.28,6.2,7.93,7.32,153.5,NA,72.7144,5.6,3602.1,84.0747,29.611587,75.22518,0.13,0.00020672985876296,6416,8007,291197.2,0.130718972862187,0.364339655717494,0.402517618747922,-0.100000000000001,-0.482003576426848,0.381982290216953,7.38486173693342,29.611587,75.22518,0.13,11.3550488599349,-0.0463752164256578,0.0307854710971406,0,0,0,0,0,0,1,0,1,0,0,0,1,1,1,1,1,1
1995-11-01,18.18,703070,17.99,5.28,6.04,7.75,7.12,153.7,NA,72.5866,5.5,3613.4,83.58,13.704357,80.62605,-0.29,0.000381453430630577,6421,7075,282606.25,0.260926436361331,0.313214863504463,-0.175910741090579,-0.0999999999999996,0.0778998247698226,-2.99461148207065,-12.3748715561195,13.704357,80.62605,-0.29,11.704619388419,0.0307854710971406,0.0564352226581731,0,0,0,0,0,0,1,1,1,0,0,1,1,1,1,1,1,1
1995-12-01,19.55,634040,19.03,5.36,5.93,7.68,7.02,153.9,NA,72.7779,5.6,3619.9,83.4429,10.061777,90.53283,0.03,0.00048717278233543,6585,7302,293226.75,0.130208351729877,0.179724378904034,0.263200589463253,0.0999999999999996,2.52204663833329,3.68916144320028,3.15808397041426,10.061777,90.53283,0.03,12.3651721897336,0.0564352226581731,-0.0140583659794812,1,1,1,1,1,1,1,1,1,1,1,1,1,1,1,1,1,1
1996-01-01,17.74,832820,18.86,5.14,5.71,7.49,6.82,154.7,NA,73.0305,5.6,3629.5,83.3654,8.1456429,84.34724,0.07,0.000546164697972605,6530,6916,294793.2,0.130039030028328,0.264849659602895,0.346482442308371,0,-0.838739190690596,0.532789306040904,-5.43107154124005,8.1456429,84.34724,0.07,12.191338073691,-0.0140583659794812,0.0102360346184106,0,0,1,1,1,1,0,0,1,1,0,0,1,1,1,1,1,1
1996-02-01,19.54,745190,19.09,5,5.65,7.47,6.81,155,NA,72.6125,5.6,3647.9,82.5158,3.1251219,90.66317,-0.87,0.000820538243904424,6495,7303,289521.75,0.518471673418652,0.505676181290049,-0.574007879136751,0,-0.537429316577587,-1.80436698387449,5.44476548169293,3.1251219,90.66317,-0.87,12.3161290322581,0.0102360346184106,0.113746191251796,1,1,1,1,1,1,1,0,1,1,1,1,1,1,1,1,1,1
1996-03-01,21.47,864220,21.33,4.83,5.81,7.63,6.99,155.5,NA,73.6752,5.5,3661.8,83.3451,-4.4809379,75.83463,0.74,0.00138410354448197,6577,6612,285554.25,0.193735934022676,0.38031702407082,1.45291599264654,-0.0999999999999996,1.25460641966502,-1.37983951664893,-9.93990426791953,-4.4809379,75.83463,0.74,13.7170418006431,0.113746191251796,0.0974999196603331,1,1,1,1,1,1,1,1,1,1,1,1,1,1,1,1,1,1
1996-04-01,21.2,884470,23.5,4.96,6.27,8.03,7.35,156.1,NA,73.585,5.5,3686.9,82.8594,-8.2541299,72.65243,-0.14,0.00126803581790561,6571,7215,282967.2,0.322061470004176,0.683116676615292,-0.122504262904055,0,-0.0912686403482965,-0.910103869203738,8.72760122670559,-8.2541299,72.65243,-0.14,15.0544522741832,0.0974999196603331,-0.100876911356587,1,1,1,1,1,1,0,1,1,1,1,1,1,1,1,1,1,1
1996-05-01,19.76,928030,21.17,4.95,6.51,8.19,7.5,156.4,NA,74.3172,5.6,3697.7,83.2941,-3.4688664,69.19065,0.42,0.00174172011336359,6444,7371,281366.25,0.385109590209787,0.292500817921137,0.990121826052093,0.0999999999999996,-1.95165626010017,-0.567378841284771,2.13911899813173,-3.4688664,69.19065,0.42,13.5358056265985,-0.100876911356587,-0.0372741525662586,1,1,1,1,1,1,0,0,1,1,1,1,0,0,1,1,1,1
1996-06-01,20.92,711270,20.42,5.02,6.74,8.3,7.62,156.7,NA,74.8726,5.6,3709.6,83.5236,-6.2809347,69.42779,0.39,0.000981837429513219,6394,8029,285409.8,0.192000058982433,0.32130493533824,0.744558362292391,0,-0.778941467707917,1.42688407714839,8.55066049953965,-6.2809347,69.42779,0.39,13.0312699425654,-0.0372741525662586,0.0411018297285662,1,1,1,1,1,1,1,0,0,1,1,1,1,1,0,1,0,1
1996-07-01,20.42,693940,21.3,5.09,6.91,8.4,7.71,157,NA,75.4433,5.3,3722.5,83.7665,-16.958905,81.17971,0.35,0.00112529244609376,6458,7958,291746.75,0.191632125076424,0.347143148091256,0.759337824118411,-0.3,0.995962169843345,2.19600892054821,-0.888227519781104,-16.958905,81.17971,0.35,13.5668789808917,0.0411018297285662,0.0268609110131529,1,1,1,1,1,1,0,1,0,1,1,1,0,0,0,0,0,0
1996-08-01,22.25,780550,21.9,5.15,6.87,8.35,7.65,157.2,NA,75.4549,5.5,3737.1,83.3918,-29.887511,73.61083,0.06,0.000394802826593183,6338,7800,294686.5,0.191265598633272,0.39144240019926,0.0153746035709723,0.2,-1.87564110673542,1.00259479665414,-2.00539783091909,-29.887511,73.61083,0.06,13.9312977099237,0.0268609110131529,0.0910502862205853,1,1,1,1,1,1,1,1,1,1,1,1,1,1,0,0,0,1
1996-09-01,24.38,738660,23.97,5.05,6.64,8.18,7.46,157.7,NA,75.8411,5.1,3744,83.4315,-32.751265,83.65826,0.22,0.002355154597564,6360,8041,293361.6,0.127307464679838,0.184464903732717,0.510523528457529,-0.4,0.346511608330147,-0.450610159895071,3.04297198704671,-32.751265,83.65826,0.22,15.1997463538364,0.0910502862205853,0.0346835778182483,1,1,1,1,1,1,1,1,1,1,1,1,1,1,1,1,1,1
1996-10-01,23.35,889840,24.88,5.09,6.83,8.35,7.66,158.2,NA,76.3158,5.2,3753.4,83.564,-38.195499,77.97562,0.3,0.00112151947878391,6482,7353,290381.5,0.317561397388655,0.250753725968877,0.623963211821454,0.100000000000001,1.90007273673256,-1.0210402110614,-8.94450603519275,-38.195499,77.97562,0.3,15.7269279393173,0.0346835778182483,-0.0500281629072224,1,1,1,1,1,1,0,1,1,1,1,1,0,0,1,1,1,1
1996-11-01,23.75,758150,23.71,4.99,6.53,8.07,7.39,158.7,NA,76.3384,5.2,3772.8,83.1973,-28.901769,64.19595,0.05,0.000686533982647119,6481,7701,285891,0.316556136456114,0.515533548587932,0.029609405001807,0,-0.0154285273776367,-1.55849563927415,4.62417973430274,-28.901769,64.19595,0.05,14.940138626339,-0.0500281629072224,0.0614326527247186,1,1,1,1,1,1,1,0,1,1,1,1,1,1,1,1,1,1
1996-12-01,25.92,704200,25.23,5.03,6.2,7.79,7.1,159.1,NA,77.0397,5.4,3795.1,83.5622,-4.4300261,74.20867,0.49,0.000605748285632772,6476,7344,288436,0.315557219880969,0.589332960064404,0.914478517206874,0.2,-0.077178363019037,0.886260495580515,-4.74665372389236,-4.4300261,74.20867,0.49,15.85795097423,0.0614326527247186,-0.00583813358755674,1,1,1,1,1,1,1,1,1,1,1,1,1,1,1,1,1,1
1997-01-01,24.15,900070,25.13,4.91,6.3,7.89,7.2,159.4,NA,77.5333,5.4,3818.6,83.6933,-1.9910403,69.97417,0.06,0.000703736849339205,6506,7307,278083.75,0.251730781137738,0.617310233566926,0.638664809245615,0,0.462179223577053,-3.6550896936216,-0.505086050910819,-1.9910403,69.97417,0.06,15.7653701380176,-0.00583813358755674,-0.119047577518631,1,1,1,1,1,1,0,1,1,1,1,1,1,1,1,1,1,1
1997-02-01,20.3,851580,22.18,5.03,6.58,8.09,7.42,159.7,NA,77.6562,5.3,3834.6,83.4262,-3.6412186,74.96831,0.27,0.00170908771890975,6402,7492,273622.4,0.188383101237388,0.418126360492721,0.15838703738682,-0.100000000000001,-1.61143865034887,-1.61732735719138,2.50029917727606,-3.6412186,74.96831,0.27,13.888541014402,-0.119047577518631,-0.0551452954606244,0,0,0,0,1,1,0,0,0,0,1,1,0,0,0,0,1,1
1997-03-01,20.41,881440,20.97,5.01,6.42,7.94,7.31,159.8,NA,78.5833,5.2,3846.3,84.0084,-5.3180314,87.69729,0.82,0.00136007787939321,6514,7434,286173,0.188028886485192,0.304652034247255,1.18678167995965,-0.0999999999999996,1.7343265306371,4.48474693072978,-0.777171270678068,-5.3180314,87.69729,0.82,13.1226533166458,-0.0551452954606244,-0.0611502241356736,0,0,0,0,0,0,1,0,0,0,0,0,1,1,0,0,0,1
1997-04-01,20.21,932450,19.7,5.14,6.69,8.18,7.55,159.9,NA,79.082,5.2,3861.2,84.12,-2.874577,75.01231,0.3,0.0014730647283297,6452,7754,289600,0.0625978111207459,0.386636874769586,0.632608016011016,0,-0.956354659107994,1.19041374621141,4.21447673736761,-2.874577,75.01231,0.3,12.3202001250782,-0.0611502241356736,0.0568527918781727,0,0,0,0,0,0,0,0,0,0,0,0,0,0,0,0,0,0
1997-05-01,20.88,926380,20.82,5.16,6.89,8.34,7.73,159.9,NA,79.1747,5.1,3877,83.7916,-9.1554612,75.45429,0.08,0.00200146357402618,6441,7987,297440.5,0.0625586507734255,0.40836426964681,0.117151451536834,-0.100000000000001,-0.170635269820885,2.67135444714555,2.96063806865146,-9.1554612,75.45429,0.08,13.0206378986867,0.0568527918781727,-0.0766602985461255,0,0,0,0,0,0,1,1,1,0,0,1,1,1,0,0,0,0
1997-06-01,19.8,895240,19.26,5.05,6.71,8.2,7.58,160.2,NA,79.6133,4.9,3889.2,83.8144,-16.58839,73.45813,0.22,0.00300508194690847,6474,8653,304866,0,0.314182226457405,0.552436097756726,-0.199999999999999,0.511034793929888,2.46581308221323,8.00908616893512,-16.58839,73.45813,0.22,12.0224719101124,-0.0766602985461255,0.0194956533898895,0,0,0,0,0,0,0,0,0,0,0,0,0,0,0,0,0,0
1997-07-01,20.14,1010000,19.66,4.93,6.49,8.02,7.41,160.4,NA,79.9792,5,3906,83.7402,-17.078483,78.48298,0.38,0.00201043188867583,6442,8759,306239.75,0.18744147943508,0.43103515011218,0.458543654776378,0.0999999999999996,-0.495510459504445,0.449595610592013,1.21756615563502,-17.078483,78.48298,0.38,12.2568578553616,0.0194956533898895,0.0122265073412185,0,0,0,0,0,0,1,0,0,0,0,0,1,1,0,0,0,0
1997-08-01,19.61,977550,19.95,5.05,6.22,7.75,7.14,160.8,NA,80.6624,4.9,3923.9,83.978,-11.906351,73.89487,0.65,0.0019740927835952,6409,8178,300908.75,0.124766079815508,0.457222472410557,0.850594265971072,-0.0999999999999996,-0.513579838691847,-1.75612292694876,-6.86341212385013,-11.906351,73.89487,0.65,12.4067164179104,0.0122265073412185,-0.00998152950614721,0,0,0,0,0,0,0,0,0,0,0,0,0,0,0,0,0,0
1997-09-01,21.18,979740,19.8,5.14,6.3,7.82,7.22,161.2,NA,81.4694,4.8,3957.4,84.3178,-15.48099,63.80988,0.29,0.00201053991154203,6347,8621,293182.8,0.249066131245179,0.850118679760925,0.995494609358527,-0.100000000000001,-0.972099219775657,-2.60107573784776,5.27534652853365,-15.48099,63.80988,0.29,12.2828784119107,-0.00998152950614721,0.0752716014635518,1,0,0,0,0,0,1,1,1,1,0,0,1,1,0,0,1,1
1997-10-01,21.08,1160000,21.33,4.95,6.21,7.7,7.15,161.5,NA,82.2156,4.9,3973.1,84.5693,-15.330298,61.15956,0.63,0.0024650351231758,6486,8840,285161.5,0.248447332766144,0.395940243630655,0.911757545657377,0.100000000000001,2.16637475607939,-2.77406188227136,2.50857894217642,-15.330298,61.15956,0.63,13.2074303405573,0.0752716014635518,-0.0546166043453564,1,0,1,0,1,0,0,1,1,1,0,0,0,0,1,0,0,0
1997-11-01,19.15,677350,20.19,4.97,6.03,7.57,7,161.7,NA,82.9446,4.7,3992.3,84.7793,-13.288305,83.65215,0.44,0.00262643133249188,6467,8927,289273.4,0.185931259018357,0.482085951366784,0.882784998199604,-0.2,-0.293368542067007,1.43165752376628,0.979351554767227,-13.288305,83.65215,0.44,12.4860853432282,-0.0546166043453564,-0.092685923773595,0,0,0,0,1,0,0,0,0,0,0,0,0,0,0,0,0,0
1997-12-01,17.64,724200,18.33,5.14,5.88,7.42,6.87,161.8,NA,83.5978,4.6,4014.8,84.8918,-20.041335,78.39389,0.6,0.00936113908099334,6459,8366,300345.5,0.123762392034976,0.562002703133224,0.784428889502831,-0.100000000000001,-0.123781541411994,3.75612169854858,-6.49045191772171,-20.041335,78.39389,0.6,11.3288009888752,-0.092685923773595,-0.0889602823408968,0,0,0,0,0,0,0,0,0,0,0,0,0,0,0,0,0,0
1998-01-01,17.21,1110000,16.72,5.16,5.81,7.32,6.76,162,NA,83.9538,4.7,4032.9,84.692,-20.097403,88.74448,0.05,0.00266211264606265,6531,7653,300018.5,0.0618238041330876,0.449818718867157,0.424944358291679,0.100000000000001,1.10855638701839,-0.10893392419824,-8.90781451922233,-20.097403,88.74448,0.05,10.320987654321,-0.0889602823408968,-0.0394736842105264,0,0,0,0,0,0,0,0,0,0,0,0,0,0,0,0,0,0
1998-02-01,15.44,910040,16.06,5.04,5.54,7.19,6.61,162,NA,84.3218,4.6,4056.2,84.4984,-26.663887,91.04062,0.31,0.00224920387871319,6541,8339,297778,0.123533060799197,0.576085459171516,0.437378427594659,-0.100000000000001,0.152998805855553,-0.749589698449604,8.58455772770643,-26.663887,91.04062,0.31,9.91358024691358,-0.0394736842105264,-0.0585305105853051,0,0,0,0,0,0,0,0,0,0,0,0,0,0,0,0,0,0
1998-03-01,15.61,1230000,15.12,5.09,5.57,7.25,6.67,162,NA,84.4583,4.6,4088.9,84.074,-42.504259,88.81944,0.33,0.0024691670553866,6476,8045,307301.25,0,0.802941048838335,0.161748961826813,0,-0.998702316368671,3.14802943774044,-3.58925246605022,-42.504259,88.81944,0.33,9.33333333333333,-0.0585305105853051,0.0139598379425755,0,0,0,0,0,0,1,0,0,0,0,0,0,0,0,0,0,0
1998-04-01,15.39,1040000,15.35,5.03,5.65,7.32,6.72,162.2,NA,84.488,4.7,4114.3,83.5488,-35.47125,78.38832,-0.01,0.00105342172575113,6408,8124,309284.25,0,0.619272507650237,0.0351591012125674,0.100000000000001,-1.05558260493304,0.643222014451972,0.977186327379265,-35.47125,78.38832,-0.01,9.4636251541307,0.0139598379425755,-0.0310540043511185,0,0,0,0,0,0,0,0,0,0,0,0,0,0,0,0,0,0
1998-05-01,15.2,1160000,14.91,4.95,5.64,7.33,6.69,162.6,NA,84.7779,4.3,4140.2,83.2923,-42.394077,73.20014,0.24,0.00113527712958036,6483,8985,321145.75,0.123380644892901,0.627538554633489,0.342538318061347,-0.4,1.16361564267997,3.76343129658299,10.0733876517383,-42.394077,73.20014,0.24,9.16974169741697,-0.0310540043511185,-0.0809426584074472,0,0,0,0,0,0,0,0,0,0,0,0,0,0,0,0,0,0
1998-06-01,14.18,1260000,13.72,5,5.65,7.3,6.69,162.8,NA,85.3367,4.4,4164.4,83.3136,-42.778157,75.8551,0.28,0.00161459536762823,6347,8987,331415.4,0.246305543239789,0.582811176934506,0.656971253341165,0.100000000000001,-2.1201105868526,3.14775035112085,0.0222568440713999,-42.778157,75.8551,0.28,8.42751842751843,-0.0809426584074472,0.0302674641285087,0,0,0,0,0,0,0,0,0,0,0,0,0,0,0,0,0,0
1998-07-01,14.21,1040000,14.17,4.98,5.5,7.13,6.53,163.2,NA,84.8248,4.5,4184.1,82.3151,-51.685174,76.28635,-0.44,0.000959025147148073,6267,8795,327098.75,0.122925645472982,0.471941943215981,-0.601665528614514,0.0999999999999996,-1.26844890817939,-1.31104603603145,-2.15957104867144,-51.685174,76.28635,-0.44,8.68259803921569,0.0302674641285087,-0.0505636660623019,0,0,0,0,0,0,1,0,0,0,0,0,0,0,0,0,0,0
1998-08-01,13.34,1030000,13.47,4.96,5.46,7.15,6.55,163.4,NA,84.4986,4.5,4203.8,81.5396,-58.328401,88.17701,-0.47,0.00209768707698383,6194,9507,323744.2,0.245398896156601,0.469725109312158,-0.385298669351375,0,-1.17166896915268,-1.03084152803525,7.78449911873711,-58.328401,88.17701,-0.47,8.24357405140759,-0.0505636660623019,0.115130463210805,0,0,0,0,0,0,0,0,0,0,0,0,0,0,0,0,0,0
1998-09-01,16.14,1200000,15.03,4.9,5.34,7.14,6.52,163.5,NA,86.248,4.5,4228.7,82.7869,-63.287401,101.40807,1.06,0.00222887034869621,6203,9177,324504,0.122473989589622,0.590573907413017,2.04919010582776,0,0.145196443996909,0.234416492921063,-3.53280155400171,-63.287401,101.40807,1.06,9.19266055045872,0.115130463210805,-0.0402721098376766,1,0,0,0,0,0,1,1,1,1,0,0,0,0,0,0,0,0
1998-10-01,14.42,1230000,14.46,4.61,4.81,7.09,6.4,163.9,NA,86.2021,4.6,4267.7,82.3253,-54.438165,123.96147,-0.01,0.00933192314402421,5789,8500,306375.25,0.0611807911405471,0.918042321693058,-0.0532327914960717,0.0999999999999996,-6.90734808941134,-5.74872048831505,-7.6634190340604,-54.438165,123.96147,-0.01,8.82245271507017,-0.0402721098376766,-0.102063900246367,0,0,1,0,0,0,0,1,1,0,0,0,0,0,0,0,0,0
1998-11-01,11.22,1080000,13,3.96,4.53,7.18,6.37,164.1,NA,86.7914,4.5,4307.9,82.4879,-42.431299,109.88134,0.28,0.00997277847765566,6143,8667,315701,0.24434954124759,0.937550596225201,0.681299909485134,-0.0999999999999996,5.93536570849231,2.99849052816565,1.94565466559364,-42.431299,109.88134,0.28,7.92199878123096,-0.102063900246367,-0.128516282987086,0,0,0,0,0,0,0,0,0,0,0,0,0,0,0,0,0,0
1998-12-01,12.05,1150000,11.35,4.41,4.83,7.34,6.41,164.4,NA,86.7256,4.4,4346.6,82.0403,-44.959164,92.94632,0.05,0.00517085930747983,6140,8940,322217.25,0.121951234626128,0.894338389240978,-0.0758427164532449,-0.0999999999999996,-0.0488480022738713,2.04304443617307,3.10128790332147,-44.959164,92.94632,0.05,6.90389294403893,-0.128516282987086,0.101074440512586,0,0,0,0,0,0,1,0,0,0,0,0,0,0,0,0,0,0
1999-01-01,12.75,1110000,12.52,4.39,4.65,7.23,6.22,164.7,NA,87.1185,4.4,4375.6,82.0415,-57.157432,91.40618,0.25,0.00193866487960605,6043,8352,321104.75,0.182648452603473,0.664972297403388,0.452014959345082,0,-1.592416477963,-0.345861359934041,-6.80345580451398,-57.157432,91.40618,0.25,7.60170006071645,0.101074440512586,-0.0407348242811501,0,0,0,0,0,0,1,1,0,0,0,0,1,1,1,0,0,0
1999-02-01,12.27,1060000,12.01,4.34,4.72,7.29,6.24,164.7,NA,87.4949,4.3,4403,82.0391,-62.742626,98.64504,0.11,0.00328690031993045,5963,8393,311169.8,0.182315456151461,0.624247351011853,0.431124510497849,-0.100000000000001,-1.33268672384528,-3.14286499920708,0.489699396040777,-62.742626,98.64504,0.11,7.29204614450516,-0.0407348242811501,0.221573041882573,0,0,0,0,0,0,0,1,1,0,0,0,0,0,1,0,1,0
1999-03-01,16.76,1590000,14.68,4.44,5,7.39,6.4,164.8,NA,88.027,4.4,4425.8,82.1916,-58.547668,82.38359,0.53,0.00333561828687079,5966,8468,316557.25,0,0.516492630601206,0.60630796503478,0.100000000000001,0.0502975951587104,1.71653660093227,0.889632817192876,-58.547668,82.38359,0.53,8.90776699029126,0.221573041882573,0.17133692369094,1,1,1,1,1,0,1,1,1,1,1,1,1,1,1,1,1,1
1999-04-01,18.66,1420000,17.31,4.44,5.23,7.53,6.62,165.9,NA,88.2267,4.2,4432.6,82.0452,-43.883809,66.00054,-0.08,0.00348215070283512,5883,8739,323367.5,0.0606980291776971,0.153526626380618,0.226605268944535,-0.2,-1.40098502102379,2.12853374470043,3.15014133727871,-43.883809,66.00054,-0.08,10.4339963833635,0.17133692369094,0.0230690526403709,1,1,1,1,1,1,1,1,1,1,1,1,1,1,1,1,1,1
1999-05-01,16.84,1320000,17.72,4.29,5.18,7.48,6.64,166,NA,88.4295,4.3,4461.4,81.9153,-48.93014,67.53295,0,0.00321359333314035,5887,9256,324762.6,0.665257972102751,0.647629877710898,0.229598609150639,0.0999999999999996,0.0679694163805422,0.43050065245378,5.74762232459687,-48.93014,67.53295,0,10.6746987951807,0.0230690526403709,0.0112866817155758,1,1,1,1,1,1,0,1,1,1,1,1,1,1,1,1,1,1
1999-06-01,19.29,1410000,17.92,4.5,5.54,7.72,6.93,166,NA,88.9886,4.2,4486.1,82.124,-34.809,67.08854,0.56,0.0027264376339102,5875,9098,316530.5,0.0602591160144605,0.552110930280314,0.630264725838536,-0.0999999999999996,-0.204047001590091,-2.56748504242914,-1.72173807435634,-34.809,67.08854,0.56,10.7951807228916,0.0112866817155758,0.116941790213386,1,1,1,1,1,1,1,1,1,1,1,1,1,1,1,1,1,1
1999-07-01,20.53,1420000,20.1,4.57,5.9,8.02,7.23,166.7,NA,88.9188,4.3,4508,81.7593,-41.857036,73.01111,-0.08,0.00308564514941078,5760,8888,316426,0,0.48698687541826,-0.0784677912008647,0.0999999999999996,-1.97685853224225,-0.033019646989807,-2.33525568104831,-41.857036,73.01111,-0.08,12.0575884823035,0.116941790213386,0.0561721613357508,1,1,1,1,1,1,1,1,1,1,1,1,1,1,1,1,1,1
1999-08-01,22.11,1390000,21.28,4.55,5.79,7.95,7.19,167.1,NA,89.4333,4.3,4535.4,81.9405,-43.331035,79.81311,0.18,0.00240924528274428,5798,9391,314454.4,0.420800140020461,0.605968636651788,0.57695023180111,0,0.657555579166313,-0.625033340281078,5.50497314851484,-43.331035,79.81311,0.18,12.7348892878516,0.0561721613357508,0.113755410576501,1,1,1,1,1,1,1,1,1,1,1,1,1,1,1,1,1,1
1999-09-01,24.51,1380000,23.8,4.72,5.94,8.15,7.4,167.8,NA,89.7924,4.2,4552.7,81.9786,-36.578932,69.55318,0.34,0.00161117927872229,5780,8908,303902.25,0.239664584460009,0.380718101614619,0.400724316362489,-0.0999999999999996,-0.31093478151778,-3.41329699306829,-5.2802034427355,-36.578932,69.55318,0.34,14.1835518474374,0.113755410576501,-0.0483400736856311,1,1,1,1,1,1,1,1,1,1,1,1,1,1,1,1,1,1
1999-10-01,21.75,1510000,22.69,4.68,5.92,8.2,7.39,168.1,NA,89.4299,4.2,4568.8,81.3642,-27.698974,69.81624,-0.2,0.00272985214046801,5804,8527,293030.75,0.41803584317579,0.353012480832149,-0.404526104545244,0,0.414365233765501,-3.64285513307863,-4.37121496352102,-27.698974,69.81624,-0.2,13.4979179060083,-0.0483400736856311,0.0998441244115407,1,1,1,1,1,1,0,0,1,1,1,1,1,1,1,1,1,1
1999-11-01,24.59,1480000,25,4.86,6.11,8.38,7.55,168.4,NA,90.523,4.1,4592.7,82.0771,-12.145485,62.71155,0.75,0.00270494532215689,5947,8613,285533.4,0.178624638146374,0.521749805549199,1.21488838987993,-0.100000000000001,2.43395557025163,-2.5918542321449,1.00350900471255,-12.145485,62.71155,0.75,14.8456057007126,0.0998441244115407,0.0415260663507109,1,1,1,1,1,1,1,1,1,1,1,1,1,1,1,1,1,1
1999-12-01,25.6,1130000,26.1,5.07,6.03,8.15,7.36,168.8,NA,90.9618,4.1,4611.8,82.198,-12.530334,82.06383,0.36,0.00487597697949477,5960,8224,287685,0.178306139365603,0.415014990807805,0.483567610142455,0,0.21835903528018,0.750712156056998,-4.62159810942282,-12.530334,82.06383,0.36,15.4620853080569,0.0415260663507109,0.0413598477390562,1,1,1,1,1,1,1,1,1,1,1,1,1,1,1,1,1,1
2000-01-01,27.64,1450000,27.26,5.2,6.28,8.19,7.55,169.3,NA,91.6634,4,4639.3,82.5592,-11.927617,83.80947,0.6,0.00135426309202317,5959,8234,277631.4,0.237248035363091,0.594525645628607,0.768353383514686,-0.0999999999999996,-0.0167799312416506,-3.55717969270533,0.121521463490382,-11.927617,83.80947,0.6,16.1015948021264,0.0413598477390562,0.0729664235466748,1,1,1,1,1,1,1,1,1,1,1,1,1,1,1,1,1,1
2000-02-01,30.43,1330000,29.37,5.32,6.66,8.33,7.78,170,NA,91.538,4,4667.6,82.179,-9.9923702,89.20154,0.16,0.00114882295291651,5784,7829,274164.75,0.295770697723263,0.608152816144347,-0.136898538531405,0,-2.98071969083793,-1.2565131562333,-5.04371354219355,-9.9923702,89.20154,0.16,17.2764705882353,0.0729664235466748,0.010061187471004,1,1,1,1,1,1,1,1,1,1,1,1,1,1,1,1,1,1
2000-03-01,26.9,1480000,29.84,5.55,6.52,8.29,7.68,171,NA,91.8239,4.1,4680.9,82.1719,-8.6454869,77.60139,-0.23,0.00520629390120772,5852,8318,269770.25,0.41261479111725,0.284537818329333,0.311842571099064,0.0999999999999996,1.16879983014151,-1.6158532236048,6.05870533949417,-8.6454869,77.60139,-0.23,17.4502923976608,0.010061187471004,-0.137565357349594,1,1,1,1,1,1,0,0,1,1,1,1,1,1,1,1,1,1
2000-04-01,25.74,1130000,25.72,5.69,6.26,8.37,7.68,170.9,NA,92.1504,4,4711.7,82.2023,6.0322153,77.54831,0.44,0.00300012983541354,5918,8790,276070.6,0.58651194523982,0.655837795673442,0.354941252967933,-0.0999999999999996,1.12150708201391,2.30859592786246,5.51928703763664,6.0322153,77.54831,0.44,15.0497366881217,-0.137565357349594,0.117400864449645,1,1,1,1,1,1,0,0,0,1,1,1,1,1,1,1,1,1
2000-05-01,29.01,1300000,28.79,5.66,5.99,8.4,7.64,171.2,NA,92.6989,3.8,4767.8,82.4316,9.1182261,76.05923,0.42,0.00667866913913073,5854,9341,286610.5,-0.0584966381114604,1.1836205484709,0.593458141104719,-0.2,-1.08733657083224,3.74675210419504,6.07986011936266,9.1182261,76.05923,0.42,16.8165887850467,0.117400864449645,0.0988264976184222,1,1,1,1,1,1,1,1,0,1,1,1,1,1,1,1,1,1
2000-06-01,32.5,1480000,31.82,5.79,6.44,8.9,7.99,172.2,NA,92.9499,4,4755.7,82.3967,5.133132,97.9862,-0.35,0.00794173641390696,5847,9085,292118.75,0.17538735860958,-0.25410839525204,0.270403205340664,0.2,-0.119647907616205,1.90362465293052,-2.77886110425776,5.133132,97.9862,-0.35,18.4785133565621,0.0988264976184222,-0.0693270666607948,1,1,1,1,1,1,1,1,1,1,1,1,1,1,1,1,1,1
2000-07-01,27.43,1300000,29.7,5.69,6.1,8.48,7.67,172.7,NA,92.9862,4,4773.6,82.1729,3.9034918,92.96502,0.13,0.00518542458382618,5823,9533,280961.6,0.582412828598855,0.375683860370302,0.0390456726382382,0,-0.411311633854972,-3.89423924879981,4.81347616633059,3.9034918,92.96502,0.13,17.1974522292994,-0.0693270666607948,0.0525252525252525,0,1,1,1,1,1,0,0,1,0,1,1,1,1,1,1,1,1
2000-08-01,33.12,1440000,31.26,5.96,6.05,8.35,7.65,172.7,NA,92.8048,4,4791.3,81.7603,5.5897143,79.44697,-0.29,0.00235975673550483,5739,9398,276020,0.289939315900245,0.370103612250183,-0.195273245358862,0,-1.45306137287573,-1.77446783314625,-1.42625628308171,5.5897143,79.44697,-0.29,18.1007527504343,0.0525252525252525,0.078194332652261,1,1,1,1,1,1,1,1,1,1,1,1,1,1,1,1,1,1
2000-09-01,30.84,1590000,33.88,6.09,5.83,8.26,7.55,173.6,NA,92.5521,4.1,4819.5,81.2857,7.0468311,66.58133,-0.36,0.00206543168563702,5789,9939,270641.75,0,0.586841489364964,-0.272663339275514,0.0999999999999996,0.867458597064186,-1.96773362540448,5.59695113052445,7.0468311,66.58133,-0.36,19.5161290322581,0.078194332652261,-0.0244131946259607,1,1,1,1,1,1,0,1,0,1,1,1,0,1,1,1,1,1
2000-10-01,32.7,1420000,33.11,6,5.8,8.35,7.62,173.9,NA,92.9792,3.9,4855.2,81.4061,11.052216,75.14165,0.36,0.00103925604356175,5758,9484,271478.2,0.519781707361755,0.738010729762273,0.46040830248808,-0.2,-0.5369372906884,0.308585088505176,-4.68602437827084,11.052216,75.14165,0.36,19.0396779758482,-0.0244131946259607,0.0377747902912776,1,1,1,1,1,1,1,0,1,1,1,1,1,1,1,1,1,1
2000-11-01,33.82,1290000,34.42,6.11,5.74,8.34,7.55,174.2,NA,92.6179,3.9,4871.3,80.8334,12.323983,84.66172,-0.52,0.00160000043021269,5809,8969,269194.5,0.172661913398731,0.331054638447092,-0.389338471770717,0,0.881824682041277,-0.84476748354323,-5.58319810672927,12.323983,84.66172,-0.52,19.7588978185993,0.0377747902912776,-0.175629129551867,1,1,1,1,1,1,1,1,1,1,1,1,1,1,1,1,1,1
2000-12-01,26.8,1220000,28.44,6.17,5.72,8.28,7.45,174.6,NA,92.6438,3.9,4882.7,80.5963,11.62474,125.06753,-0.36,0.00556821201943507,5833,8913,270779.25,0.172364305816508,0.233750362737872,0.0279604474845208,0,0.412300876110372,0.586974663145767,-0.626330198728731,11.62474,125.06753,-0.36,16.2886597938144,-0.175629129551867,0.0345109714252762,0,0,1,1,1,1,0,0,0,0,0,1,1,1,1,1,1,1
2001-01-01,28.66,1370000,29.59,5.77,5.24,8.02,7.21,175.6,NA,92.3415,3.9,4927.6,80.0735,4.775597,115.26872,-0.27,0.00327241836045779,5855,9229,274451.8,0.229357898709903,0.915370855432407,-0.326837072030717,0,0.37645492781806,1.34717402591527,3.48398151348608,4.775597,115.26872,-0.27,16.8507972665148,0.0345109714252762,-0.00159835939660205,0,0,0,0,0,0,1,0,0,1,1,1,1,1,1,1,1,1
2001-02-01,27.39,1340000,29.61,5.15,5.16,7.93,7.15,176,NA,91.902,4.2,4978.3,79.4332,1.6632349,111.41604,-0.66,0.00529870089628149,5799,8933,269867,0.571103779551496,1.02364131905794,-0.477086935092341,0.3,-0.961050815537767,-1.68464085038842,-3.25984155637382,1.6632349,111.41604,-0.66,16.8238636363636,-0.00159835939660205,-0.0802254023102911,0,0,0,0,0,0,0,1,0,0,0,0,1,1,1,1,1,1
2001-03-01,26.29,1470000,27.25,4.88,5.1,7.87,7.1,176.1,NA,91.3034,4.2,5017,78.6604,-4.1125692,110.91785,-0.57,0.0049366410253347,5780,8609,266600.75,0.227531383713497,0.774367820585375,-0.653476513437035,0,-0.328180621001728,-1.21770240982428,-3.6944117043884,-4.1125692,110.91785,-0.57,15.4741624077229,-0.0802254023102911,0.00709168070898065,0,0,0,0,0,0,0,0,0,0,0,0,0,0,0,0,1,1
2001-04-01,28.46,1260000,27.49,4.42,4.89,7.84,6.98,176.4,NA,91.1162,4.3,5074.8,78.2472,-2.4586655,116.02693,-0.69,0.0025284118747084,5880,9603,275139.2,0.0568020464008612,1.14549697821911,-0.205241175524229,0.0999999999999996,1.71530792262491,3.15249304739993,10.9267381980018,-2.4586655,116.02693,-0.69,15.5839002267574,0.00709168070898065,0.0361829774740421,0,0,0,0,0,0,1,1,0,0,1,1,0,1,0,0,0,0
2001-05-01,28.37,1290000,28.63,3.87,5.14,8.07,7.2,177.3,NA,90.7891,4.4,5139.1,77.7206,-6.7462222,122.6734,-0.89,0.00713960551757306,5863,10111,296133,0.170212807053094,1.25908515751849,-0.359638067233892,0.100000000000001,-0.289534392845603,7.3531526314488,5.15483904534264,-6.7462222,122.6734,-0.89,16.1477721376198,0.0361829774740421,-0.0381462515068641,0,0,0,0,0,0,0,1,1,0,0,0,0,0,0,0,0,0
2001-06-01,26.25,1500000,27.6,3.62,5.39,8.07,7.29,177.7,NA,90.3555,4.3,5137.2,77.1128,-6.4640738,100.42901,-0.42,0.00742591436023291,5829,9885,305427.5,0.508906950747168,-0.0369782902728488,-0.478734478563059,-0.100000000000001,-0.581595891866549,3.0903756839729,-2.26054834866822,-6.4640738,100.42901,-0.42,15.5317951603827,-0.0381462515068641,-0.0407718984363513,0,0,0,0,0,0,0,0,0,0,0,0,0,0,0,0,0,0
2001-07-01,26.35,1390000,26.43,3.49,5.28,7.97,7.18,177.4,NA,89.8784,4.5,5180.1,76.4807,-11.549465,86.39027,-0.92,0.00253624251400674,5766,9105,299959.2,0.225352208044338,0.831617714759325,-0.529424391733802,0.2,-1.08668598472033,-1.80659691648053,-8.21947434430097,-11.549465,86.39027,-0.92,14.8985343855693,-0.0407718984363513,0.0355656451002648,0,0,0,0,0,0,1,0,0,0,0,0,0,0,0,0,0,0
2001-08-01,27.2,1480000,27.37,3.51,5.24,7.97,7.13,177.4,NA,89.3028,4.6,5210,75.7806,-24.389857,102.13185,-0.52,0.0015084520082175,5749,9552,296805.25,-0.168966528512726,0.575549466091907,-0.642480327145289,0.0999999999999996,-0.295267257505571,-1.05702655913351,4.7926843470675,-24.389857,102.13185,-0.52,15.4284103720406,0.0355656451002648,-0.0465098961001289,0,0,0,0,0,0,1,1,0,0,0,0,1,1,0,0,0,0
2001-09-01,23.43,1200000,26.2,3.36,4.97,7.85,7.02,178.1,NA,89.2003,4.9,5243.8,75.4938,-45.056353,84.28912,-0.43,0.00290047058133708,5725,9383,287810.2,0,0.646657058354982,-0.11484395650907,0.300000000000001,-0.418337720085127,-3.07749647121227,-1.78510153423339,-45.056353,84.28912,-0.43,14.7108366086468,-0.0465098961001289,-0.151434521353414,0,0,0,0,0,0,0,0,0,0,0,0,0,0,1,0,0,0
2001-10-01,21.18,1360000,22.17,2.64,4.73,8.03,7.17,177.6,NA,88.7485,5,5355.1,74.9237,-48.919361,188.05949,-1.12,0.00222112899394202,5709,9339,288181.5,0.393812042013764,2.10029515128483,-0.507787600476384,0.0999999999999996,-0.279867245818011,0.128925486749409,-0.470036118033157,-48.919361,188.05949,-1.12,12.4831081081081,-0.151434521353414,-0.113619089367055,0,0,0,0,0,0,0,0,0,0,0,0,0,0,0,0,0,0
2001-11-01,19.44,1540000,19.64,2.16,4.57,7.91,7.03,177.5,NA,88.5052,5.3,5343.8,74.5431,-53.572142,173.14334,-0.18,0.00716759429587866,5746,9211,289394.5,-0.281135973754676,-0.211236747736798,-0.274521945434181,0.3,0.646008357497507,0.420031920779529,-1.38007581214818,-53.572142,173.14334,-0.18,11.0647887323944,-0.113619089367055,-0.0121726017583699,0,0,0,0,0,0,0,0,0,0,0,0,0,0,0,0,0,0
2001-12-01,19.84,1200000,19.39,1.87,4.65,7.81,6.97,177.4,NA,87.97,5.5,5387.5,73.9318,-58.255111,130.57563,-0.81,0.00324977720202646,5881,9320,294185.4,-0.0563221642599032,0.8144445045561,-0.606546008531872,0.2,2.32228549207214,1.64193716520362,1.17642066914012,-58.255111,130.57563,-0.81,10.9301014656144,-0.0121726017583699,0.0153021111253966,0,0,0,0,0,0,1,0,0,0,0,0,0,0,0,0,0,0
2002-01-01,19.48,1530000,19.72,1.69,5.09,8.05,6.77,177.7,NA,87.9324,5.7,5440.5,73.7552,-56.292015,117.23658,-0.32,0.00218935596570099,5887,8839,293837.75,-0.0563539039991845,0.978951297906328,-0.0427509807400916,0.2,0.101971456830441,-0.11824365775599,-5.29888806186882,-56.292015,117.23658,-0.32,11.0973550928531,0.0153021111253966,0.0489390797000706,0,0,0,0,0,0,0,1,0,0,0,0,0,0,0,0,0,0
2002-02-01,21.74,1460000,20.72,1.65,5.04,7.87,6.55,178,NA,88.5176,5.7,5460.9,74.1161,-49.516806,116.83745,-0.05,0.0017979545561043,5873,8709,297078,0.168966528512726,0.374264292889492,0.663306484117054,0,-0.238095350574064,1.09669863314146,-1.48167743682084,-49.516806,116.83745,-0.05,11.6404494382022,0.0489390797000706,0.180564117538908,0,0,0,0,0,0,1,1,1,0,0,0,0,0,0,0,0,0
2002-03-01,26.31,1570000,24.53,1.72,4.91,7.89,6.51,178.5,NA,88.5278,5.7,5490.2,74.0132,-46.450518,87.60069,-0.1,0.00218388067110172,5881,8753,302201.75,0.168681513147906,0.53510733925588,0.0115224682609494,0,0.136123893743623,1.71001101037618,0.503952503969707,-46.450518,87.60069,-0.1,13.7422969187675,0.180564117538908,0.062502657319571,1,1,1,1,0,0,1,1,1,1,1,1,1,1,1,0,0,0
2002-04-01,27.29,1800000,26.18,1.79,5.28,8.11,6.81,179.3,NA,89.1686,5.7,5502,74.4558,-36.183775,83.44043,-0.03,0.00256784618459251,5886,8799,305014.6,0.28050509276083,0.214697777199824,0.721233269492316,0,0.084983433346153,0.926480362534576,0.524157991312357,-36.183775,83.44043,-0.03,14.601226993865,0.062502657319571,0.0316986961915686,1,1,1,1,1,1,1,1,1,1,1,0,1,1,1,1,1,1
2002-05-01,25.31,1880000,27.04,1.71,5.21,8.03,6.76,179.5,NA,89.604,5.9,5502.1,74.7452,-35.342924,88.5661,0.16,0.0020148200062139,5844,9301,306228.25,0.447177939139376,0.00181750438486006,0.487100216567882,0.2,-0.71611559228284,0.397109461451173,5.54838425969066,-35.342924,88.5661,0.16,15.0640668523677,0.0316986961915686,-0.0567385116168737,1,1,1,1,1,1,0,0,1,1,0,0,1,1,1,1,1,1
2002-06-01,26.86,1520000,25.52,1.73,5.16,8.09,6.75,179.6,NA,89.964,5.8,5528.3,74.9894,-39.458059,86.29886,0.07,0.00231978056289734,5905,9323,303378.4,0.11148273172461,0.47505166217281,0.400962846736075,-0.100000000000001,1.03839557608723,-0.934986769298973,0.236254405422542,-39.458059,86.29886,0.07,14.2093541202673,-0.0567385116168737,0.0544696969696968,1,1,1,1,1,1,1,0,1,1,1,1,1,1,1,1,1,1
2002-07-01,27.02,1590000,26.97,1.7,4.93,7.95,6.63,180,NA,90.7061,5.8,5553.3,75.569,-43.094158,93.61022,0.3,0.00410160680190879,5884,9324,305426.5,0.0556947939766239,0.451199148365333,0.821501923644785,0,-0.356264691013308,0.672828923167579,0.0107255858955213,-43.094158,93.61022,0.3,14.9833333333333,0.0544696969696968,0.0497351628001567,1,1,1,1,1,1,1,1,0,1,1,1,1,1,1,1,1,1
2002-08-01,28.98,1770000,28.39,1.68,4.65,7.9,6.53,180.5,NA,90.6769,5.8,5596,75.5228,-43.855063,110.30517,-0.27,0.00370792886341207,5751,9184,296540.75,0.222469502211098,0.765971115162323,-0.0321970639499902,0,-2.28630500075742,-2.95245147109515,-1.51288815963007,-43.855063,110.30517,-0.27,15.7285318559557,0.0497351628001567,0.0430005423821798,1,1,1,1,1,1,1,1,1,1,1,1,1,1,1,1,1,1
2002-09-01,30.45,1480000,29.66,1.62,4.26,7.58,6.37,180.8,NA,90.5762,5.7,5638.3,75.4317,-42.557829,116.01482,-0.07,0.0153506977307383,5796,9544,285769.8,0.27739268827256,0.753054483134719,-0.11111535235635,-0.0999999999999996,0.779427172681757,-3.69980541434707,3.84498452184037,-42.557829,116.01482,-0.07,16.4048672566372,0.0430005423821798,-0.0297931375307197,1,1,1,1,1,1,1,1,1,1,1,1,1,1,1,1,1,1
2002-10-01,27.22,1870000,28.84,1.63,3.87,7.4,6.15,181.2,NA,90.6531,5.7,5662.3,75.4995,-26.035335,124.04315,-0.34,0.00940769801681396,5411,8797,269029.5,0.166067018514049,0.424756846250141,0.0848648696599064,0,-6.87341057978372,-6.03655525964335,-8.15019305250768,-26.035335,124.04315,-0.34,15.916114790287,-0.0297931375307197,-0.0878486032943226,1,1,1,1,1,1,0,0,1,0,1,1,1,1,1,1,1,1
2002-11-01,26.89,1560000,26.35,1.58,3.94,7.73,6.32,181.5,NA,90.4643,5.7,5707.1,75.3553,-11.69411,111.88598,-0.35,0.0073664674573385,5358,9532,264596.25,0.220994565080268,0.788084364495667,-0.208483633693479,0,-0.984314753818083,-1.6615959771709,8.02438049659582,-11.69411,111.88598,-0.35,14.5179063360882,-0.0878486032943226,0.116181637139046,0,1,0,1,1,1,0,0,0,1,1,1,1,1,1,1,1,1
2002-12-01,31.2,1630000,29.46,1.23,4.05,7.62,6.31,181.8,NA,90.9711,5.9,5758.1,75.8001,-4.9637668,123.28439,0.15,0.011590647640567,5624,9654,270612.6,0.165426009602587,0.889654543850504,0.558657591731837,0.2,4.84523833859463,2.24831986007334,1.27177780018055,-4.9637668,123.28439,0.15,16.2046204620462,0.116181637139046,0.113565537841051,1,1,1,1,1,1,1,1,1,1,1,1,1,1,1,1,1,1
2003-01-01,33.51,1890000,32.95,1.19,4.03,7.45,6.21,182.6,NA,90.4652,6,5779.4,75.4073,8.23756,122.22166,-0.59,0.00444859138606146,5722,8741,269091.25,0.165152803847324,0.369231188712682,-0.557662729091923,0.0999999999999996,1.72752401195559,-0.563773643473553,-9.93477376399508,8.23756,122.22166,-0.59,18.0449069003286,0.113565537841051,0.0814824732793135,1,1,1,1,1,1,1,1,1,1,1,1,1,1,1,1,1,1
2003-02-01,36.6,1710000,35.83,1.17,4.05,7.35,6.17,183.6,NA,91.2361,5.8,5812.1,76.0829,9.6327553,138.9534,0.39,0.00263976746614249,5755,8633,258301.4,0.439078641749013,0.564208027348911,0.848540572389922,-0.2,0.575064754592702,-4.09234212695164,-1.24325303449648,9.6327553,138.9534,0.39,19.5152505446623,0.0814824732793135,-0.066275902291909,1,1,1,1,1,1,1,1,1,1,1,1,1,1,1,1,1,1
2003-03-01,31.04,1580000,33.51,1.17,3.9,7.06,5.95,183.9,NA,91.3445,5.9,5848.2,76.2008,8.0665106,126.72774,-0.46,0.00516715238002903,5783,8474,255979.75,0.546151002552175,0.619197024792051,0.118742092792701,0.100000000000001,0.485353700223534,-0.902878035293853,-1.8589417049018,8.0665106,126.72774,-0.46,18.2218597063621,-0.066275902291909,-0.156143346377735,1,1,1,1,1,1,0,0,0,1,1,1,1,1,1,1,1,1
2003-04-01,25.8,1480000,28.17,1.13,3.81,6.95,5.89,183.2,NA,91.1044,5.9,5868.4,76.0272,18.067781,163.52381,-0.18,0.00256411882558632,5803,9226,257101.75,0.163265342388552,0.344810269426965,-0.263197134762816,0,0.345244603238903,0.437358115031294,8.50229329312615,18.067781,163.52381,-0.18,15.3766375545852,-0.156143346377735,-0.000493178474128004,0,0,0,0,1,1,0,0,0,0,0,0,0,1,1,1,1,1
2003-05-01,29.56,1630000,28.11,1.13,3.96,6.85,5.74,182.9,NA,90.5617,6,5905.5,75.6028,29.562738,135.62755,-0.63,0.00613612094089512,5726,9928,265664,-0.381367937024546,0.630209578641328,-0.597471530908589,0.0999999999999996,-1.33578185325476,3.27604314918908,7.33334627666764,29.562738,135.62755,-0.63,15.3690541279388,-0.000493178474128004,0.0895236607530571,0,0,0,0,0,0,1,0,0,1,1,1,1,1,1,1,1,1
2003-06-01,30.19,1530000,30.66,1.07,3.57,6.38,5.22,183.1,NA,90.537,6.1,5965.3,75.6099,37.674603,102.61982,0.01,0.00306481595047135,5663,10153,270302.6,-0.163889684321017,1.00752275934841,-0.02727794308095,0.0999999999999996,-1.10634195442554,1.73097197474839,2.24101804167809,37.674603,102.61982,0.01,16.7449481157837,0.0895236607530571,-1.52692302637379e-05,0,1,0,1,0,0,1,1,0,0,0,1,1,1,1,1,1,1
2003-07-01,30.54,1530000,30.76,0.92,3.33,6.19,4.97,183.7,NA,90.6527,6.3,6002.2,75.7311,33.381383,95.82729,0.14,0.00222831783754375,5659,10038,268626.5,0.109289628364451,0.616672102567861,0.127711471155134,0.2,-0.0706588971281619,-0.622013323841841,-1.13913370863443,33.381383,95.82729,0.14,16.7446924333152,-1.52692302637379e-05,0.0218826759138851,0,1,0,1,0,0,1,1,1,0,1,1,1,1,1,1,1,1
2003-08-01,31.57,1660000,31.57,0.9,3.98,6.62,5.49,184.5,NA,91.1185,6.2,6049.1,76.1369,35.809742,91.74151,0.09,0.00199751464402018,5498,10034,262200.5,0.327154054061563,0.778343195732845,0.512513555059879,-0.0999999999999996,-2.88628084173315,-2.421246067059,-0.0398565170680598,35.809742,91.74151,0.09,17.1111111111111,0.0218826759138851,-0.106169357384917,1,1,0,1,0,1,1,1,1,0,1,1,1,1,1,1,1,1
2003-09-01,29.2,1650000,28.31,0.95,4.45,7.01,5.88,185.1,NA,90.9197,6.1,6107.1,75.9832,39.741684,95.67182,-0.15,0.00204668721649348,5574,10023,263553,0.434547125950147,0.954252811271772,-0.218415781997461,-0.100000000000001,1.37285393167019,0.514500800665374,-0.109687401933201,39.741684,95.67182,-0.15,15.2944354403025,-0.106169357384917,0.0728653387254874,0,0,0,1,0,1,0,0,0,0,0,0,1,1,1,1,1,1
2003-10-01,29.11,1730000,30.34,0.94,4.27,6.79,5.72,184.9,NA,91.5059,6.1,6079.7,76.483,47.042232,106.11577,0.35,0.000966053951835494,5609,10287,262879,0.324675609887048,-0.4496676103523,0.642675170213902,0,0.625952146644337,-0.256063601102063,2.59985101061631,47.042232,106.11577,0.35,16.4088696592753,0.0728653387254874,0.0248247786349303,0,0,0,0,0,0,0,0,0,1,0,1,0,1,1,1,1,1
2003-11-01,30.41,1570000,31.11,0.92,4.29,6.73,5.7,185,NA,91.6186,6,6070,76.5884,99.803494,88.04379,0.14,0.00186908996728258,5614,10063,272649.4,-0.108108118637329,-0.159674758404371,0.123085675841761,-0.0999999999999996,0.089102741349123,3.64928704814584,-2.20156311976965,99.803494,88.04379,0.14,16.8162162162162,0.0248247786349303,0.0300030931023817,1,0,1,0,0,0,1,1,0,1,0,1,1,1,1,1,1,1
2003-12-01,32.52,1550000,32.13,0.93,4.3,6.66,5.65,185.5,NA,92.2329,5.8,6075.5,77.1135,101.9853,84.91824,0.48,0.00140761368550589,5547,9351,272505.75,0.0540686685245539,0.0905685295121472,0.668259204919686,-0.2,-1.20062368665934,-0.0527005948031345,-7.33820414978865,101.9853,84.91824,0.48,17.3207547169811,0.0300030931023817,0.063263857460441,1,1,1,1,1,0,1,1,1,1,1,1,1,1,1,1,1,1
2004-01-01,33.05,1830000,34.31,0.9,4.27,6.6,5.62,186.3,NA,92.2602,5.7,6073.8,77.1489,109.99215,91.73699,0.04,0.000918998082577921,5571,9684,257757.25,0.269905696916517,-0.0279851515903928,0.0295946029409855,-0.0999999999999996,0.431732996558054,-5.56414642655874,3.49917496225025,109.99215,91.73699,0.04,18.4165324745035,0.063263857460441,0.00890928468606844,1,1,1,1,1,1,1,1,1,1,1,0,1,1,1,1,1,1
2004-02-01,36.16,1640000,34.69,0.88,4.15,6.44,5.54,186.7,NA,92.4006,5.7,6082.1,77.2806,122.35029,96.56646,0.05,0.000893780396190131,5585,9347,250329,0.430339556005332,0.13655922292628,0.152062621903415,0,0.250986148248522,-2.92421978393165,-3.54196028753648,122.35029,96.56646,0.05,18.5806106052491,0.00890928468606844,0.0568306073231041,1,1,1,1,1,1,1,1,1,1,1,0,1,1,1,1,1,1
2004-03-01,35.76,2e+06,36.74,0.93,4.08,6.27,5.5,187.1,NA,92.958,5.6,6121.8,77.7639,126.44294,99.4573,0.46,0.000978793491685604,5572,9317,256367,0.21447729401336,0.650613984728921,0.601430610916065,-0.100000000000001,-0.233037660360402,2.38339589218857,-0.321474773215868,126.44294,99.4573,0.46,19.6365579903795,0.0568306073231041,-0.00132910660681154,1,1,1,1,1,1,0,1,1,1,1,1,1,1,1,1,1,1
2004-04-01,37.38,1970000,36.75,0.94,3.83,6.11,5.33,187.4,NA,92.5861,5.8,6157.9,77.4721,120.36499,96.78947,0.54,0.000610749715124538,5617,10088,269104.5,0.214018273236771,0.587963940462899,-0.400875584876825,0.2,0.804365763273651,4.84897683859788,7.95059101943298,120.36499,96.78947,0.54,19.6104589114194,-0.00132910660681154,0.0913953168940266,1,1,1,1,1,1,1,1,1,1,1,1,1,1,1,1,1,1
2004-05-01,39.88,1890000,40.28,0.94,4.35,6.46,5.73,188.2,NA,92.93,5.6,6198.9,77.7807,107.00528,94.11529,0.08,0.00198138482600654,5560,10115,280051.8,0.160213652427732,0.663604662372563,0.370749917580682,-0.2,-1.01996052878057,3.98748060577905,0.267287195709009,107.00528,94.11529,0.08,21.4027630180659,0.0913953168940266,-0.0593576568046966,1,1,1,1,1,1,1,1,1,1,1,1,1,1,1,1,1,1
2004-06-01,37.05,1950000,38.03,1.02,4.72,6.75,6.04,188.9,NA,93.6013,5.6,6275.7,78.3623,84.566081,92.32118,0.55,0.00123093473550405,5556,10452,283561.25,0.425985734695811,1.23131756255166,0.719775070673734,0,-0.0719683370393298,1.2453563156356,3.27738770386574,84.566081,92.32118,0.55,20.1323451561673,-0.0593576568046966,0.0711772122345451,1,1,1,1,1,1,0,0,1,1,1,1,1,1,1,1,1,1
2004-07-01,43.8,1750000,40.78,1.27,4.73,6.78,6.01,189.1,NA,92.871,5.6,6277.9,77.7669,62.920199,85.34598,-0.28,0.000977615713931554,5407,10533,287819.5,0.371254735618454,0.0350497072156841,-0.783283880618857,0,-2.71840144922297,1.49053983284446,0.771983819603861,62.920199,85.34598,-0.28,21.5653093601269,0.0711772122345451,0.100447976923563,1,1,1,1,1,1,1,1,1,1,1,1,1,1,1,1,1,1
2004-08-01,42.12,2230000,44.9,1.33,4.5,6.62,5.82,189.2,NA,93.5649,5.5,6291.1,78.3594,89.361409,87.54419,0.47,0.000770771835622135,5484,10298,285176.4,0.105820115694755,0.210040653240284,0.744387968366667,-0.0999999999999996,1.41403513002007,-0.922561137550915,-2.25634842304547,89.361409,87.54419,0.47,23.7315010570825,0.100447976923563,0.0199281391031704,1,1,1,1,1,1,0,1,1,1,1,1,0,1,1,1,1,1
2004-09-01,49.64,2040000,45.94,1.48,4.28,6.46,5.65,189.8,NA,93.6277,5.4,6317.8,78.4167,99.324252,85.92587,0.29,0.000776874924376481,5325,10460,275610.75,0.0528680953365779,0.423511010602518,0.067096671936806,-0.0999999999999996,-2.94220501045785,-3.41183919838386,1.56087570128278,99.324252,85.92587,0.29,24.204425711275,0.0199281391031704,0.153695139681783,1,1,1,1,1,1,1,1,1,1,1,1,1,1,1,1,1,1
2004-10-01,51.76,2080000,53.28,1.65,4.13,6.27,5.46,190.8,NA,93.7467,5.4,6352.2,78.5109,98.501309,100.01189,0.17,0.00144285639934822,5081,9697,260789.25,0.316622955805013,0.543016330362001,0.12701843581544,0,-4.69046189838949,-5.52769343065069,-7.57418993143677,98.501309,100.01189,0.17,27.9245283018868,0.153695139681783,-0.094548774126239,1,1,1,1,1,1,1,1,1,1,1,1,1,1,1,1,1,1
2004-11-01,49.13,1810000,48.47,1.76,4.1,6.21,5.47,191.7,NA,94.5465,5.5,6379.8,79.1635,107.32033,105.69511,0.43,0.000705687217145501,5170,10362,264825.2,0.525487283835879,0.433553930770536,0.849531273723336,0.0999999999999996,1.73645959087434,1.53573758201784,6.63287090701861,107.32033,105.69511,0.43,25.2842983828899,-0.094548774126239,-0.109758613575407,1,1,1,1,1,1,0,0,1,1,1,1,1,1,1,1,1,1
2004-12-01,43.45,1850000,43.15,2.07,4.19,6.2,5.52,191.7,NA,94.7813,5.4,6406.3,79.3296,122.68699,95.24086,0.04,0.00123076120662612,5423,10238,276098,0.470589103741226,0.414513228331437,0.248035545099423,-0.0999999999999996,4.77764793385855,4.16858894596253,-1.20389803572039,122.68699,95.24086,0.04,22.509128847157,-0.109758613575407,0.0860821961550836,0,1,1,1,1,1,0,0,0,1,1,1,0,0,0,1,1,1
2005-01-01,48.2,1840000,46.84,2.19,4.23,6.15,5.47,191.6,NA,95.5365,5.4,6424.5,79.9179,126.73388,77.59643,0.85,0.000857029143903849,5510,10101,277708.2,0,0.283692555512616,0.79362410009356,0,1.59154553058993,0.581504698710944,-1.34718591883445,126.73388,77.59643,0.85,24.446764091858,0.0860821961550836,0.0236932557598654,1,1,1,1,1,1,1,0,0,1,1,1,1,1,0,1,0,1
2005-02-01,51.75,1590000,48.15,2.33,4.22,6.02,5.36,192.4,NA,95.8801,5.3,6430.8,80.1494,106.58613,73.91848,0.19,0.00072811310899261,5446,9997,277244.25,-0.0521784514838863,0.0980140565269849,0.359007911587028,-0.100000000000001,-1.16832289132542,-0.167203553417572,-1.0349380862003,106.58613,73.91848,0.19,25.0259875259875,0.0236932557598654,0.121361531507841,1,1,1,1,1,1,1,1,1,1,1,1,1,1,1,1,1,1
2005-03-01,55.4,2120000,54.19,2.54,4.17,5.82,5.2,193.1,NA,96.5761,5.4,6438.9,80.6584,107.00119,58.95005,0.4,0.000821405314160674,5501,10219,280665.25,0.416667269484616,0.125877076692227,0.723284606277108,0.100000000000001,1.00484996417531,1.22637914449975,2.19636846450282,107.00119,58.95005,0.4,28.0631796996375,0.121361531507841,-0.025357251293585,1,1,1,1,1,1,1,1,1,1,1,1,1,1,1,1,1,1
2005-04-01,49.72,2100000,52.98,2.74,4.5,6.06,5.4,193.7,NA,96.4456,5.2,6448.3,80.4638,109.97633,57.55796,-0.28,0.000834442334324053,5601,10242,291615,0.363165120286268,0.145881210302434,-0.135217977961766,-0.2,1.80152593343728,3.82717610851717,0.224818041028563,109.97633,57.55796,-0.28,27.3515745998968,-0.025357251293585,-0.0589705806650881,1,1,1,1,1,1,0,0,1,0,1,1,1,1,1,1,1,1
2005-05-01,51.97,2060000,49.83,2.78,4.34,6.05,5.33,193.6,NA,96.6532,5.2,6461.8,80.5421,106.66293,74.56597,0.57,0.000859900135830728,5563,10224,305712.4,0.310238097848181,0.209138657649888,0.215019544382233,0,-0.680762213453789,4.7210351576549,-0.17590154051792,106.66293,74.56597,0.57,25.7386363636364,-0.0589705806650881,0.130261060035717,1,1,1,1,1,1,1,0,1,1,1,1,1,1,1,1,1,1
2005-06-01,56.5,2180000,56.35,2.84,4.14,6.01,5.15,193.7,NA,96.7402,5.1,6479,80.5094,85.703188,70.50812,-0.02,0.00182389489557925,5596,10432,316347.75,-0.0516395570473449,0.265826071470698,0.0899720526851944,-0.100000000000001,0.591452571007878,3.4197292474806,2.01401075491177,85.703188,70.50812,-0.02,29.0913784202375,0.130261060035717,0.0405809545358731,1,1,1,1,1,1,1,1,1,1,1,1,1,1,1,1,1,1
2005-07-01,60.57,1970000,59,2.97,4,5.86,4.96,194.9,NA,97.1753,5,6511.7,80.7567,57.005449,74.56133,0.41,0.000859413571913795,5442,10765,312860.25,0.0516395570473449,0.503438137515033,0.448752915746375,-0.0999999999999996,-2.79054164421808,-1.10854779793019,3.14221256320302,57.005449,74.56133,0.41,30.271934325295,0.0405809545358731,0.0947848296009472,1,1,1,1,1,1,1,1,1,1,1,1,1,1,1,1,1,1
2005-08-01,68.94,2430000,64.99,3.22,4.18,5.95,5.06,196.1,NA,96.8676,5,6543.5,80.3802,35.182413,68.71645,-0.05,0.000541504814820164,5253,10377,304366,0.617603610056427,0.487163167042759,-0.317146628821696,0,-3.53472983892296,-2.75256806015776,-3.67083121931859,35.182413,68.71645,-0.05,33.1412544620092,0.0947848296009472,-0.00447468624642149,1,1,1,1,1,1,1,1,1,1,1,1,1,1,1,1,1,1
2005-09-01,66.24,2170000,65.59,3.44,4.26,5.96,5.09,198.8,NA,97.1833,4.9,6576.3,80.5172,34.148862,64.39586,0.21,0.000649906879610723,5198,10404,305516.75,0.613812668878566,0.500008663785501,0.32537883465622,-0.0999999999999996,-1.05254057525261,0.377368064802752,0.259852896326329,34.148862,64.39586,0.21,32.9929577464789,-0.00447468624642149,-0.0522002158057041,1,1,1,1,1,1,0,1,1,1,1,1,1,1,1,1,1,1
2005-10-01,59.76,1930000,62.26,3.42,4.2,6.03,5.13,199.1,NA,95.3005,5,6610.1,78.8319,56.890259,91.40605,-0.62,0.00069655437594885,4214,9155,292482.8,1.36745610201734,0.512650519094571,-1.95638287695461,0.0999999999999996,-20.9861620837302,-4.3598743735096,-12.7890169459929,56.890259,91.40605,-0.62,31.2707182320442,-0.0522002158057041,-0.0585545009748083,1,1,1,1,1,1,0,0,0,1,1,1,1,1,1,1,1,1
2005-11-01,57.32,1900000,58.32,3.71,4.46,6.3,5.35,198.1,NA,96.4572,5,6643.9,79.6607,68.891182,76.16369,0.65,0.000659902412073199,4555,9444,297380.75,0.150791684767704,0.510035812158627,1.20643294072105,0,7.78132153299236,1.66074427674694,3.10794410967912,68.891182,76.16369,0.65,29.439676930843,-0.0585545009748083,0.0186899862825788,0,1,1,1,1,1,0,0,0,1,1,1,0,0,0,1,1,1
2005-12-01,61.04,1840000,59.41,3.88,4.54,6.39,5.42,198.1,NA,97.5414,5,6660.7,80.426,61.494715,72.21598,0.75,0.00181798403283983,4857,10262,304946.75,-0.503525736564558,0.252544367046248,1.11775166214949,0,6.41954326516867,2.51238669092526,8.30681332965071,61.494715,72.21598,0.75,29.989904088844,0.0186899862825788,0.0957024049752317,1,1,1,1,1,1,1,1,0,1,1,1,1,1,0,1,0,1
2006-01-01,67.92,2150000,65.49,3.89,4.47,6.32,5.37,199.3,NA,98.0452,4.9,6687.8,80.7109,50.192147,78.04893,0.33,0.00053989965338346,4988,9996,305568.2,0,0.406038689478905,0.515169356423151,-0.0999999999999996,2.66140644541828,0.203582308553507,-2.62627395470663,50.192147,78.04893,0.33,32.8600100351229,0.0957024049752317,-0.0594122419173842,1,1,1,1,1,1,1,1,1,1,1,1,1,1,1,1,0,1
2006-02-01,61.41,2260000,61.63,4.24,4.42,6.24,5.29,199.4,NA,98.1999,4.7,6730.1,80.7078,35.829581,79.17535,0.47,0.000432997262252686,5048,9766,303965,0.60392735142436,0.630503135821847,0.157660020091566,-0.2,1.19570974211225,-0.526043108725105,-2.3278047333239,35.829581,79.17535,0.47,30.9077231695085,-0.0594122419173842,0.0156713246082006,0,1,1,1,1,1,0,1,1,0,1,1,0,1,1,1,0,1
2006-03-01,66.63,2300000,62.69,4.43,4.57,6.27,5.35,199.7,NA,98.2413,4.8,6754.7,80.6111,43.685653,72.69299,0.1,0.000975345218545831,5032,9983,309132.75,0.0501630308988865,0.364855649168128,0.0421500180338263,0.0999999999999996,-0.317460584077267,1.68582330924423,2.19766807148201,43.685653,72.69299,0.1,31.3920881321983,0.0156713246082006,0.102153628355946,1,1,1,1,1,1,1,0,1,1,1,1,1,1,0,1,1,1
2006-04-01,71.88,2070000,69.44,4.51,4.72,6.41,5.53,200.7,NA,98.4628,4.7,6769.3,80.6609,49.851955,64.22933,0.22,0.000648535218698244,5027,9750,323092.8,0.150338289403162,0.215912535816187,0.225211465974606,-0.0999999999999996,-0.0994134687701376,4.4168792168028,-2.36163613445317,49.851955,64.22933,0.22,34.598903836572,0.102153628355946,0.0171205711263881,1,1,1,1,1,1,1,1,1,1,1,1,1,1,1,1,1,1
2006-05-01,71.29,2460000,70.84,4.6,4.99,6.68,5.84,201.3,NA,98.7618,4.7,6806.9,80.7713,44.226528,79.76153,-0.09,0.000543676209388334,5082,9859,329308.25,0.499501538052272,0.553911936129303,0.303207844327069,0,1.08815001875335,1.90546537519296,1.11174585831488,44.226528,79.76153,-0.09,35.1912568306011,0.0171205711263881,-0.000928753024025958,1,1,1,1,1,1,0,1,1,1,1,1,1,1,1,1,1,1
2006-06-01,73.93,2280000,70.95,4.72,5.11,6.75,5.95,201.8,NA,98.7869,4.6,6813.7,80.6521,43.158146,70.83626,0.02,0.000591087106060233,5151,10303,329467,0.298507684345406,0.0998487667937198,0.0254114556411444,-0.100000000000001,1.34859856854757,0.0481954970448228,4.40503713700267,43.158146,70.83626,0.02,35.1585728444004,-0.000928753024025958,0.0430809637980084,1,1,1,1,1,1,1,1,1,1,1,1,1,1,1,1,1,1
2006-07-01,74.4,1820000,74.41,4.79,5.11,6.78,5.89,202.9,NA,99.0997,4.6,6851.8,80.7601,53.785531,79.49433,0.03,0.00135104511180329,5163,10712,328665.2,0.248077527376278,0.557610021146537,0.316140921642472,0,0.232693531406447,-0.243659373204963,3.89294934259397,53.785531,79.49433,0.03,36.6732380482997,0.0430809637980084,-0.0227462911046782,1,1,1,1,1,1,1,1,1,1,1,1,1,1,1,1,1,1
2006-08-01,70.26,2050000,73.04,4.95,5.09,6.76,5.85,203.8,NA,99.0489,4.7,6893.6,80.5643,64.934013,80.56231,-0.28,0.00210035824824029,5094,10229,318843.75,0.543613891225991,0.608205346562585,-0.051274650553168,0.100000000000001,-1.34544293402463,-3.03384325743448,-4.61377849140003,64.934013,80.56231,-0.28,35.8390578999019,-0.0227462911046782,-0.122198854589958,1,1,1,1,1,1,0,0,0,1,1,1,1,1,1,1,1,1
2006-09-01,62.91,2400000,63.8,4.96,4.88,6.59,5.68,202.8,NA,99.4836,4.7,6925.1,80.754,83.626147,72.76996,0.18,0.00144969393720625,5040,10564,315473.5,0.442587395685567,0.455904745893321,0.437913887833385,0,-1.06572944739884,-1.06264860828311,3.22251709600145,83.626147,72.76996,0.18,31.4595660749507,-0.122198854589958,-0.0728446529133108,0,0,0,1,1,1,0,0,0,0,1,0,0,0,0,1,1,1
2006-10-01,58.73,3330000,58.89,4.81,4.72,6.43,5.51,201.9,NA,99.3183,4.5,6952.4,80.4492,93.404003,67.06754,0,0.000464481322664269,5031,10710,311102.4,-0.491884907159612,0.393443130483462,-0.166296235693952,-0.2,-0.178731057409642,-1.39525663576787,1.37258900247712,93.404003,67.06754,0,29.1679049034175,-0.0728446529133108,0.00272970750972181,0,0,0,0,0,0,0,0,0,0,0,0,0,0,0,0,0,0
2006-11-01,63.13,3700000,59.08,4.92,4.73,6.42,5.51,202,NA,99.2044,4.4,7001.7,80.1804,93.74363,63.46447,-0.27,0.000518248902211175,5108,10106,316772,-0.444774639823642,0.706605300596053,-0.114747595612652,-0.0999999999999996,1.5189166661111,1.80601537607359,-5.80485775899398,93.74363,63.46447,-0.27,29.2475247524752,0.00272970750972181,0.0430673911181028,0,0,0,0,0,0,1,1,0,0,1,1,0,0,0,0,0,0
2006-12-01,61.05,3220000,61.96,4.94,4.6,6.2,5.33,203.1,NA,99.1627,4.5,7037.2,79.9663,97.804757,62.51985,-0.11,0.000450202322640975,5064,9888,321826.75,0.049517208241312,0.505738706960557,-0.0420432628336798,0.0999999999999996,-0.865125332841643,1.58310850730103,-2.1807406154382,97.804757,62.51985,-0.11,30.5071393402265,0.0430673911181028,-0.121696216687942,0,0,0,0,0,0,0,1,0,0,0,1,0,0,0,0,0,0
2007-01-01,58.14,4940000,54.51,4.85,4.56,6.22,5.32,203.437,NA,100.1735,4.4,7080.1,80.5985,100.8544,63.37041,0.77,0.000590727654482416,5186,9555,312525.6,0.543077118513402,0.607766811691235,1.01417470966894,-0.0999999999999996,2.38060022745969,-2.93269714476185,-3.42573230230983,100.8544,63.37041,0.77,26.7945359005491,-0.121696216687942,0.083305441222349,0,0,0,0,0,0,0,0,0,0,0,0,0,0,0,0,0,0
2007-02-01,61.79,4780000,59.28,4.98,4.76,6.34,5.4,204.226,NA,99.8346,4.6,7118.3,80.1452,103.72066,79.01967,-0.48,0.000357530970410686,5108,10211,303611.5,0.165790605623251,0.538090097060184,-0.338886599431643,0.199999999999999,-1.51547489461805,-2.89374622292264,6.64009928811637,103.72066,79.01967,-0.48,29.0266665360924,0.083305441222349,0.0142937007334441,0,0,0,0,0,0,1,1,0,0,0,1,0,0,0,0,0,0
2007-03-01,65.87,4750000,60.44,5.03,4.72,6.28,5.39,205.288,NA,100.7753,4.5,7134.3,80.7218,102.05643,57.20262,0.2,0.000450484361106435,5118,9009,308953.5,0.387084913353952,0.224520532692374,0.937846930767439,-0.0999999999999996,0.195579956730541,1.74418565448118,-12.5241492904097,102.05643,57.20262,0.2,29.4415650208488,0.0142937007334441,0.0554035732162091,1,0,0,0,0,0,1,1,1,1,0,0,1,1,1,0,0,0
2007-04-01,65.71,4110000,63.98,4.94,4.56,6.27,5.3,205.904,NA,100.9547,4.4,7168.2,80.6932,116.96436,69.88729,0.24,0.00147685357220257,5119,10380,310643.4,0.518664749319964,0.474043887190412,0.177861544930291,-0.0999999999999996,0.0195369737848949,0.54548503722387,14.1656800068439,116.96436,69.88729,0.24,31.0727329240811,0.0554035732162091,-0.0122100697277069,1,1,1,1,1,0,0,1,1,1,0,0,0,0,1,1,1,0
2007-05-01,64.01,4710000,63.46,4.87,4.69,6.39,5.47,206.755,NA,101.6334,4.5,7240.7,81.0737,128.44782,62.50171,-0.1,0.00158756201599728,5180,10161,316802.75,0.299616948199866,1.00633097376992,0.670031990175257,0.0999999999999996,1.18459487959459,1.96337099491295,-2.13240152339988,128.44782,62.50171,-0.1,30.6933326884477,-0.0122100697277069,0.0610463887711569,1,0,1,0,1,1,0,0,1,1,0,0,0,0,0,0,1,0
2007-06-01,70.68,4420000,67.49,4.73,4.75,6.39,5.47,207.234,NA,101.7306,4.4,7254.6,81.0044,138.87446,74.68187,0.05,0.000580483753126388,5211,10328,325231.25,0.412447665692373,0.191786361932422,0.0955921474810495,-0.0999999999999996,0.596671965568518,2.62571273096519,1.63017910405969,138.87446,74.68187,0.05,32.5670498084291,0.0610463887711569,0.0962847357697143,1,1,1,1,1,1,1,1,1,1,1,0,1,0,0,0,0,0
2007-07-01,78.21,4250000,74.12,4.61,5.1,6.7,5.79,207.603,NA,101.7893,4.6,7287.8,80.9238,128.45144,73.29654,-0.02,0.000696573705305947,5075,10015,330688.8,0.2314072179459,0.456596678396792,0.0576847783707812,0.199999999999999,-2.64452509992275,1.66412840927528,-3.07746844265591,128.45144,73.29654,-0.02,35.7027595940328,0.0962847357697143,-0.0240461456737044,1,1,1,1,1,1,1,1,1,1,1,1,1,1,1,1,0,0
2007-08-01,74.04,4980000,72.36,4.82,5,6.65,5.73,207.667,NA,101.6672,4.7,7318.7,80.7255,141.42106,59.32398,-0.4,0.0014724361527079,5038,9939,332823.5,0.1779012466681,0.423099936274518,-0.120025670999269,0.100000000000001,-0.731734699743214,0.643456757428851,-0.76175571319137,141.42106,59.32398,-0.4,34.8442458358815,-0.0240461456737044,0.0998170783507123,1,1,1,1,1,1,0,1,1,1,1,1,0,0,1,1,1,1
2007-09-01,81.66,4780000,79.92,4.2,4.67,6.65,5.79,208.547,NA,101.863,4.6,7394.8,80.8082,150.61462,89.10405,-0.07,0.00242625735072821,4970,10316,318137.6,0.0308233200118302,1.03443339233209,0.192403938484897,-0.100000000000001,-1.35893378218803,-4.51283258417039,3.72296760332311,150.61462,89.10405,-0.07,38.3222966525531,0.0998170783507123,0.0702736653188395,1,1,1,1,1,1,1,1,1,1,1,1,1,1,1,1,1,1
2007-10-01,94.53,6020000,85.8,3.89,4.52,6.59,5.74,209.19,NA,102.0894,4.7,7413,80.9387,167.89413,100.74438,-0.08,0.00513395982565045,4902,10307,303878,0.422860024543859,0.245816517842812,0.222012678441796,0.100000000000001,-1.37765550026163,-4.58576885251247,-0.0872811964443443,167.89413,100.74438,-0.08,41.0153449017639,0.0702736653188395,0.0959326467095612,1,1,1,1,1,1,1,1,1,1,1,1,1,1,1,1,1,1
2007-11-01,88.71,6160000,94.77,3.9,4.53,6.48,5.66,210.834,NA,101.8015,4.7,7428.1,80.6837,187.30109,89.45453,-0.27,0.00186847861285351,5022,9784,300595.5,0.307849440109909,0.203489029930104,-0.282406121451473,0,2.41849756294723,-1.08607979210742,-5.2074877669785,187.30109,89.45453,-0.27,44.9500554938957,0.0959326467095612,-0.0352954639869283,1,1,1,1,1,1,0,1,1,1,1,1,1,1,1,1,1,1
2007-12-01,95.98,4250000,91.69,3.27,4.15,6.4,5.44,211.445,NA,102.3446,4.7,7453.6,81.1065,187.81138,102.44111,-0.08,0.00168287693194491,5034,10004,294362.2,0.782816408287346,0.342703118019472,0.532071179671423,0,0.238663597773048,-2.09545252749166,2.22366146305024,187.81138,102.44111,-0.08,43.3635224290004,-0.0352954639869283,0.0104762587605056,1,1,1,1,1,1,1,1,1,1,1,1,1,1,1,1,1,1
2008-01-01,91.75,5460000,92.97,3,4.1,6.65,5.49,212.174,NA,102.3803,5,7483.9,81.1425,180.9311,108.54379,-0.44,0.00563683520281106,5111,9835,278453,0.289382340294875,0.405690932990588,0.0348760706312845,0.3,1.51801830730189,-5.55616979672884,-1.70375611743498,180.9311,108.54379,-0.44,43.8178099107336,0.0104762587605056,0.0235551230314446,1,1,1,1,1,1,0,1,0,1,1,1,0,1,1,1,1,1
2008-02-01,101.84,5140000,95.39,2.75,3.74,6.54,5.33,212.687,NA,102.2448,5,7517.5,81.0549,148.95731,144.98473,-0.23,0.00234742642092145,5115,10082,270592.5,0.344177536717361,0.447958939656345,-0.132437340096825,0,0.0782319617446348,-2.86352847384013,2.48042038194161,148.95731,144.98473,-0.23,44.8499438141494,0.0235551230314446,0.101520517407133,1,1,1,1,1,1,1,1,1,1,1,1,1,1,1,1,1,1
2008-03-01,101.58,5990000,105.45,2.12,3.74,6.82,5.53,213.448,NA,101.8438,4.9,7604,80.7602,144.66744,108.10469,-0.79,0.00483161209433262,5148,9636,286396.4,0.241490863745408,1.14407887456363,-0.392967089813467,-0.0999999999999996,0.643089033029121,5.67628660087536,-4.52455709078148,144.66744,108.10469,-0.79,49.4031333158427,0.101520517407133,0.0651498208753518,1,1,1,1,1,1,0,1,1,1,1,1,0,0,1,1,0,1
2008-04-01,113.46,5630000,112.58,1.26,3.51,6.89,5.51,213.942,NA,101.5336,5.1,7670,80.5381,160.4318,111.71236,-0.79,0.00322564251323546,5189,9636,296158,0.357164189274517,0.864219075298145,-0.305048880108227,0.199999999999999,0.793271065172263,3.35162305208687,0,160.4318,111.71236,-0.79,52.621738602051,0.0651498208753518,0.107322009326434,1,1,1,1,1,1,1,1,1,1,1,1,1,1,0,1,1,1
2008-05-01,127.35,6800000,125.4,1.29,3.68,6.97,5.55,215.208,NA,100.8785,5,7712.5,80.0376,163.10843,102.1969,-0.67,0.00633767025547967,5180,9979,298921.5,0.231170696550809,0.552577385234088,-0.647295579012575,-0.0999999999999996,-0.173594411421085,0.928790141857583,3.49768001495505,163.10843,102.1969,-0.67,58.2692093230735,0.107322009326434,0.0565527959692292,1,1,1,1,1,1,1,1,1,1,1,1,1,1,1,1,1,1
2008-06-01,140,6230000,133.88,1.73,3.88,6.93,5.57,217.463,NA,100.2674,5.4,7725.2,79.5579,189.57838,94.28405,-0.84,0.00290373492214171,5143,9664,300519,0.590005206812361,0.164532318480148,-0.607620518403351,0.4,-0.716848947861415,0.532998281533814,-3.20752437097163,189.57838,94.28405,-0.84,61.5644960292096,0.0565527959692292,-0.010873176100827,1,1,1,1,1,1,1,1,1,1,1,1,1,1,1,1,1,1
2008-07-01,124.08,5830000,133.37,1.86,4.1,7.07,5.68,219.016,NA,100.0335,5.6,7743.9,79.3571,183.02137,94.55676,-0.71,0.00164065263953973,5138,10018,283653.5,1.04237187971661,0.241772425145115,-0.233548732249655,0.199999999999999,-0.0972668105086782,-5.77575570830593,3.59758337429668,183.02137,94.55676,-0.71,60.8950944223253,-0.010873176100827,-0.123911529295377,1,1,1,1,1,1,0,0,1,1,1,1,1,1,1,1,1,1
2008-08-01,115.46,5460000,116.67,1.63,4.01,7.16,5.67,218.69,NA,99.676,5.8,7791.2,79.0325,168.80716,109.78898,-1.21,0.00342523535758376,5177,10132,277966.75,0.711606539350473,0.608945499709357,-0.358020406505766,0.2,0.75618392320731,-2.02519206258884,1.13152572040036,168.80716,109.78898,-1.21,53.3494901458686,-0.123911529295377,-0.108416452702018,1,1,1,1,1,1,0,0,0,1,1,1,0,1,1,1,1,1
2008-09-01,100.64,5660000,104.11,1.72,3.89,7.15,5.64,218.877,NA,98.1111,6.1,7805.8,77.7251,150.30341,95.87075,-1.25,0.00446583885504455,5003,10324,284293.8,-0.14895846082954,0.187215544840491,-1.58244158056107,0.3,-3.41880054136965,2.25067082488852,1.87725497169389,150.30341,95.87075,-1.25,47.5655276707923,-0.108416452702018,-0.25776160440916,0,0,0,1,1,1,0,0,0,0,1,1,0,0,0,0,1,1
2008-10-01,67.81,5690000,76.61,1.13,3.69,7.31,5.65,216.995,NA,93.7895,6.1,7872.4,74.2216,110.63951,187.7403,-2.58,0.00344784936446668,3974,8447,276045.5,0.0854726299673203,0.849592435388757,-4.50476005695624,0,-23.0264588376443,-2.94425032672994,-20.0659933111009,110.63951,187.7403,-2.58,35.3049609438005,-0.25776160440916,-0.238441580981386,0,0,0,0,0,0,0,0,0,0,0,0,0,0,0,0,0,0
2008-11-01,54.43,4520000,57.31,0.67,3.81,8.88,6.28,213.153,NA,94.7219,6.5,7974.9,74.8669,10.450229,189.91729,-1.13,0.0238040428578633,4738,10086,291710,-0.863561639955801,1.29361379401942,0.989232060824641,0.4,17.5841961606968,5.51944508799256,17.7336974909174,10.450229,189.91729,-1.13,26.8867902398746,-0.238441580981386,-0.276542084374538,0,0,0,0,0,0,0,0,0,0,0,0,0,0,0,0,0,0
2008-12-01,44.6,4470000,41.12,0.19,3.53,9.21,6.12,211.398,NA,93.4715,6.8,8027,73.782,-66.785038,148.84257,-2.34,0.0580885274892331,5078,9944,299119.25,-1.78640940928183,0.6511749742101,-1.32886530605933,0.3,6.93023775458936,2.50821652283726,-1.41789694461227,-66.785038,148.84257,-2.34,19.4514612247987,-0.276542084374538,0.0117876458496787,0,0,0,0,0,0,0,0,0,0,0,0,0,0,0,0,0,0
2009-01-01,41.68,5130000,41.71,0.03,2.42,8.43,5.05,211.933,NA,90.8357,7.3,8204.7,71.607,-75.529513,145.9947,-2.67,0.0362568738007123,5103,9419,302149.5,-0.826760505408153,2.18963016528715,-2.86041968539079,0.5,0.491111879934714,1.00796046881761,-5.42404283677307,-75.529513,145.9947,-2.67,19.6807481609754,0.0117876458496787,-0.066216130499427,0,0,0,0,0,0,0,0,0,0,0,0,0,0,0,0,0,0
2009-02-01,44.76,4860000,39.09,0.13,2.52,8.14,5.05,212.705,NA,88.57,7.8,8289,69.7304,-55.890812,171.94621,-3.03,0.020090074176541,5144,9779,315732.4,0.25275743322668,1.02221738070778,-2.5259180320143,0.5,0.800238485348359,4.39730913771985,3.75083034894583,-55.890812,171.94621,-3.03,18.3775651724219,-0.066216130499427,0.227612614856885,0,0,0,0,0,0,1,1,0,0,0,0,0,0,0,0,0,0
2009-03-01,49.66,5170000,47.94,0.3,2.87,8.08,5.27,212.495,NA,88.031,8.3,8319.3,69.2326,13.558814,187.11403,-1.24,0.0119710993879864,5239,9074,332552.75,0.36360422314452,0.364878206882757,-0.610417464948121,0.500000000000001,1.82996534907645,5.19034747532245,-7.48240480883666,13.558814,187.11403,-1.24,22.5605308360197,0.227612614856885,0.0346276315816803,0,0,0,0,0,0,1,1,1,0,0,0,0,0,0,0,0,0
2009-04-01,51.12,4690000,49.65,0.21,2.82,8.42,5.5,212.709,NA,86.6528,8.7,8386.4,68.0889,21.353886,166.90338,-2.34,0.00996121457295192,5219,9378,336642.5,-0.0987770541272859,0.803322947800922,-1.57796956259579,0.399999999999999,-0.382482776480586,1.22230422831073,3.29533394256227,21.353886,166.90338,-2.34,23.3417485860965,0.0346276315816803,0.187175535619047,0,0,0,0,0,0,1,1,1,0,0,0,1,0,1,0,0,0
2009-05-01,66.31,5040000,59.03,0.16,2.93,8.39,5.39,213.022,NA,85.9344,9,8391.1,67.4762,4.8499441,131.85612,-1.61,0.0203643630703319,5278,9374,349523,0.100657575219731,0.0560274191380827,-0.832511506307121,0.300000000000001,1.12414254198558,3.7547831393649,-0.0426621166880636,4.8499441,131.85612,-1.61,27.7107528799842,0.187175535619047,0.170028334212355,1,0,1,0,0,0,1,1,1,1,0,0,1,1,1,1,1,0
2009-06-01,69.89,5600000,69.64,0.18,3.29,8.06,5.54,214.79,NA,85.0665,9.4,8449.2,66.7676,47.465379,138.80585,-1.19,0.00755103874160607,5377,8797,350304.8,0.147041233264744,0.69001419833441,-1.01509109300242,0.4,1.85833597464082,0.223426484407874,-6.35291452299764,47.465379,138.80585,-1.19,32.4223660319382,0.170028334212355,-0.0785594459927056,1,1,1,0,1,0,1,1,1,1,0,0,1,1,1,1,1,1
2009-07-01,69.45,5910000,64.15,0.18,3.72,7.5,5.61,214.726,NA,84.7459,9.5,8459.3,66.5138,87.693549,130.93348,-0.93,0.00638114099701058,5269,9135,337431.5,0.826535985544119,0.119466554706271,-0.377593604375104,0.0999999999999996,-2.02900066003924,-3.74411059003901,3.77024355594333,87.693549,130.93348,-0.93,29.8752829186964,-0.0785594459927056,0.103864167599455,1,1,1,1,1,1,0,1,1,1,1,0,1,1,1,1,1,1
2009-08-01,69.96,5720000,71.05,0.18,3.56,7.09,5.41,215.445,NA,85.7027,9.5,8463.5,67.29,75.040976,126.28215,0.14,0.00347252599976481,5398,9094,328149.8,-0.0298009855155712,0.0496371769001414,1.12269628491237,0,2.41879233686646,-2.78923153076782,-0.449833442715253,75.040976,126.28215,0.14,32.978254310845,0.103864167599455,-0.0249650189798,1,1,1,1,1,1,1,1,1,1,1,0,1,1,1,1,1,1
2009-09-01,70.61,5750000,69.41,0.17,3.59,6.58,5.26,215.861,NA,86.6426,9.6,8463,68.0795,52.388728,152.55009,0,0.0037710488208442,5418,8814,327665.25,0.334285979087934,-0.00590789590457774,1.09072811177482,0.0999999999999996,0.369822906709061,-0.147770347195397,-3.12734889830235,52.388728,152.55009,0,32.1549515660541,-0.0249650189798,0.0876440576268298,1,1,1,1,1,1,1,1,1,1,1,0,1,1,1,1,1,1
2009-10-01,77,6920000,75.72,0.12,3.4,6.31,5.13,216.509,NA,87.4063,9.8,8461.6,68.7549,39.079399,145.44437,-0.21,0.00217772706967846,5559,9254,318124.75,0.192902546683626,-0.0165439656262478,0.877575096746508,0.200000000000001,2.56914923084288,-2.95489065203576,4.8714524065014,39.079399,145.44437,-0.21,34.9731419940972,0.0876440576268298,0.0265414026383996,1,1,1,1,1,1,1,1,1,1,1,1,1,1,1,1,1,1
2009-11-01,77.28,6450000,77.99,0.07,3.39,6.29,5.15,217.234,NA,87.6419,10,8487.9,69.0357,54.477678,138.13055,-0.29,0.00191263017192344,5524,8566,319911.4,0.299743499858529,0.310333887221503,0.269183164708053,0.199999999999999,-0.631600042428637,0.560048100695099,-7.72550112916299,54.477678,138.13055,-0.29,35.9013782372925,0.0265414026383996,-0.0456304320631546,1,1,1,1,1,1,1,1,1,1,1,1,1,1,1,1,1,1
2009-12-01,79.36,5660000,74.47,0.05,3.4,6.32,5.19,217.347,NA,88.0221,9.9,8517,69.447,90.439866,116.16231,0.06,0.00389797264128218,5395,8740,319976,0.334299654493098,0.342254625502214,0.432872522176186,-0.0999999999999996,-2.36296368369491,0.0201910524319615,2.01093104742647,90.439866,116.16231,0.06,34.2631828366621,-0.0456304320631546,0.0511510373297278,1,1,1,1,1,1,1,1,1,1,1,1,1,1,1,1,1,1
2010-01-01,72.89,5380000,78.33,0.05,3.59,6.37,5.26,217.488,NA,88.3793,9.9,8512.2,69.8541,80.724547,121.22101,-0.28,0.00200131880827469,5452,8170,312465.25,0.0520041154797646,-0.0563737595085101,0.404986001487373,0,1.05099151241888,-2.3752729987855,-6.74412807955314,80.724547,121.22101,-0.28,36.0157801809755,0.0511510373297278,-0.023837923091016,1,1,1,1,1,1,0,0,0,1,1,1,1,1,1,1,1,1
2010-02-01,79.66,6570000,76.39,0.06,3.73,6.25,5.26,217.281,NA,89.3426,9.8,8477.7,70.7532,68.824745,149.35928,0.16,0.000933438777302927,5404,8492,308210.8,0.0648521875846519,-0.406124196367763,1.08406384790483,-0.0999999999999996,-0.884309373633307,-1.37092985408227,3.86556349690981,68.824745,149.35928,0.16,35.1572387829585,-0.023837923091016,0.0626142403526743,1,1,1,1,1,1,1,1,1,1,1,1,1,1,1,1,1,1
2010-03-01,83.76,6520000,81.2,0.11,3.69,6.34,5.35,217.353,NA,89.6779,9.8,8527.3,71.1612,52.284514,132.79865,-0.35,0.00199170074790907,5553,8761,315416.25,-0.0952229876745037,0.583359490275548,0.37459440910963,0,2.71989021615173,2.31092306262592,3.11855098432172,52.284514,132.79865,-0.35,37.358582582251,0.0626142403526743,0.0378154475732555,1,1,1,1,1,1,1,1,1,1,1,1,1,1,1,1,1,1
2010-04-01,86.15,7250000,84.29,0.15,3.73,6.27,5.27,217.403,NA,90.2928,9.9,8523.5,71.7964,70.445518,137.47003,0.48,0.00237324584070786,5515,9341,327313.75,0.0331313245896858,-0.0445726894094278,0.683336112732569,0.0999999999999996,-0.686666955400383,3.7025995934032,6.4103259206485,70.445518,137.47003,0.48,38.7713141033012,0.0378154475732555,-0.12470817508445,1,1,1,1,1,1,1,1,1,1,1,1,1,1,1,1,1,1
2010-05-01,73.97,7890000,73.74,0.16,3.85,6.25,5.29,217.29,NA,90.5991,9.9,8554.8,72.1905,65.340881,137.0774,0.4,0.000633407091918317,5392,9726,336243,0.0230014077875929,0.366547432060393,0.338655620002992,0,-2.25552790954602,2.69149218427422,4.03893990908823,65.340881,137.0774,0.4,33.9362142758525,-0.12470817508445,0.0221259187227714,0,0,1,1,1,1,0,0,0,0,1,1,1,1,1,1,1,1
2010-06-01,75.63,7260000,75.34,0.16,3.42,6.05,4.96,217.199,NA,91.823,9.6,8609,73.3146,88.771193,151.10342,0.3,0.00179384222248706,5401,9655,342737,-0.0519907164575173,0.631563874637209,1.34185316829223,-0.300000000000001,0.166774800074876,1.9129276348302,-0.732679610111653,88.771193,151.10342,0.3,34.6870841946786,0.0221259187227714,0.0111176631608453,0,0,0,0,1,1,1,0,0,0,1,1,1,1,1,1,1,1
2010-07-01,78.95,6210000,76.32,0.12,3.2,6.23,4.88,217.605,NA,91.9928,9.4,8628.1,73.5918,67.237873,140.56916,-0.17,0.00810657322445039,5380,9927,342680.25,-0.0418882877728066,0.221615095546035,0.184750220925256,-0.199999999999999,-0.389574743706156,-0.0165592564615125,2.77824017271069,67.237873,140.56916,-0.17,35.0727235127869,0.0111176631608453,0.00220417851703843,1,1,0,1,0,0,1,1,0,1,1,1,1,1,1,1,1,1
2010-08-01,71.92,6810000,76.6,0.16,3.01,6.01,4.72,217.923,NA,92.3421,9.4,8639.5,74.0009,19.176652,180.01446,0.15,0.00559175801417441,5298,9932,336098,0.186750866135821,0.132039213976043,0.378984574359897,0,-1.53589833238161,-1.93950125357567,0.0503550038335021,19.176652,180.01446,0.15,35.1500300564878,0.00220417851703843,-0.0193385819801776,0,0,0,0,0,0,0,0,0,0,0,1,1,1,1,1,1,1
2010-09-01,79.97,6820000,75.24,0.16,2.7,5.66,4.49,218.275,NA,92.6805,9.5,8687.9,74.3883,43.359263,147.30909,-0.16,0.00334878155924634,5447,9543,336686.75,0.146029672723902,0.558654222538557,0.365793559629779,0.0999999999999996,2.77356075516604,0.175018874992716,-3.99539662108026,43.359263,147.30909,-0.16,34.4702783186347,-0.0193385819801776,0.0846074021194437,1,1,0,0,0,0,1,1,1,0,1,1,1,1,1,1,1,1
2010-10-01,81.43,6450000,81.89,0.15,2.65,5.66,4.53,219.035,NA,92.9537,9.5,8718.7,74.7076,54.520458,182.14672,-0.19,0.0027046061076773,5616,9229,337836.5,0.161394631065725,0.3538891241746,0.294342526586977,0,3.05546683219724,0.340907778498156,-3.34572011516769,54.520458,182.14672,-0.19,37.3867190175086,0.0846074021194437,0.0262188715455463,1,1,1,1,0,0,1,1,1,0,1,1,1,1,1,1,1,1
2010-11-01,84.11,6760000,84.25,0.13,2.54,5.72,4.68,219.59,NA,92.6903,9.4,8768.4,74.58,53.379611,163.42489,-0.12,0.00233719251975577,5631,8540,342646.2,0.347579870179526,0.568420536486514,-0.283769124509536,-0.0999999999999996,0.266737954897067,1.41363772984491,-7.75896924829613,53.379611,163.42489,-0.12,38.3669566009381,0.0262188715455463,0.0539270588926937,1,1,1,1,1,1,1,1,1,1,1,1,1,1,1,1,1,1
2010-12-01,91.38,5430000,89.15,0.14,2.76,5.92,4.87,220.472,NA,92.7709,9.8,8789,74.7131,38.428348,179.13559,-0.19,0.00108006664148669,5576,8699,339165.5,0.253063685923394,0.234658997947257,0.0869184552611202,0.4,-0.981537281425737,-1.0210239097491,1.84470687249245,38.428348,179.13559,-0.19,40.4359737290903,0.0539270588926937,-0.00300894307268969,1,1,1,1,1,1,1,1,1,1,1,1,1,1,1,1,1,1
2011-01-01,92.19,6930000,89.17,0.14,3.29,6.1,5.02,221.187,NA,93.6787,9.3,8823.2,75.4968,24.848079,165.40785,0.09,0.00173795319753702,5607,8695,322105.6,0.400853143884916,0.388367642729115,0.973782913477805,-0.5,0.55441436833128,-5.16087467482667,-0.0459928719157787,24.848079,165.40785,0.09,40.3143041860507,-0.00300894307268969,-0.00979954930873037,1,1,1,1,1,1,1,1,1,1,1,1,1,1,1,1,1,1
2011-02-01,96.97,6100000,88.58,0.15,3.39,6.09,5.04,221.898,NA,93.4814,9.1,8849,75.3741,-12.442334,142.17046,0.03,0.000832133933688675,5497,9183,316555.25,0.3237794880806,0.29198422754142,-0.210835614092897,-0.200000000000001,-1.98133282630124,-1.73816501807611,5.460580082514,-12.442334,142.17046,0.03,39.9192421743324,-0.00979954930873037,0.155233549008043,1,1,1,1,1,1,1,1,1,1,1,1,1,1,1,1,1,1
2011-03-01,106.72,6870000,102.86,0.13,3.58,6.15,5.22,223.046,NA,93.1102,9,8913.3,75.0928,-29.67817,145.5089,-0.38,0.000863232015567009,5406,8184,324369,0.320931925142531,0.724008499769901,-0.397874812894106,-0.0999999999999996,-1.66930410242685,2.43839647289956,-11.517291998206,-29.67817,145.5089,-0.38,46.1160478107655,0.155233549008043,0.0598702849422433,1,1,1,1,1,1,1,1,1,1,1,1,1,1,1,1,1,1
2011-04-01,113.93,5620000,109.53,0.1,3.41,6.03,5.13,224.093,NA,94.0788,9,8971.5,75.8747,-6.584024,174.35437,0.41,0.00106553315954092,5618,9183,330209.5,0.516021138565659,0.650834288767221,1.03489910718046,0,3.84662808277962,1.78455448750707,11.517291998206,-6.584024,174.35437,0.41,48.8770287336061,0.0598702849422433,-0.0817129262713214,1,1,1,1,1,1,1,1,1,1,1,1,1,1,1,1,1,1
2011-05-01,102.7,7600000,100.9,0.06,3.46,6.02,5.16,224.806,NA,93.7749,9.1,9035.1,75.6127,-17.472927,157.49588,-0.48,0.00234709638014809,5562,8839,338591,0.468311604905569,0.706410588097839,-0.323549938184442,0.0999999999999996,-1.00179728702781,2.5065587796016,-3.81802005525742,-17.472927,157.49588,-0.48,44.8831436883357,-0.0817129262713214,-0.0459861248761149,1,1,1,1,1,1,0,0,1,1,1,1,1,1,1,1,1,1
2011-06-01,95.42,7330000,96.26,0.04,3.17,5.78,4.96,224.806,NA,93.888,9,9107.8,75.6684,-16.925537,126.19207,-0.34,0.00063653117336941,5625,9059,349066.25,0.317666379111969,0.801419719122265,0.120535293543256,-0.0999999999999996,1.12631922787099,3.04688429572462,2.45849906083393,-16.925537,126.19207,-0.34,42.8191418378513,-0.0459861248761149,0.0081626490313122,0,1,1,1,1,1,0,0,0,1,1,1,1,1,1,1,1,1
2011-07-01,95.7,5450000,97.3,0.04,3,5.75,4.99,225.395,NA,94.172,9.1,9182.1,75.8425,-10.952984,158.08862,0.01,0.00093420622760879,5589,9235,342393.25,0,0.81247473983872,0.302031496218635,0.0999999999999996,-0.642056780292144,-1.93018019793652,1.92418749640524,-10.952984,158.08862,0.01,43.1686594644957,0.0081626490313122,-0.115534104646313,0,1,0,1,1,1,1,0,0,1,1,1,1,1,1,1,1,1
2011-08-01,88.81,8280000,86.33,0.04,3,5.76,4.93,226.106,NA,94.636,9,9344.2,76.1431,-15.886609,197.91636,0.17,0.00229474414062019,5440,9276,332905,0.26166105186638,1.74998933252226,0.491505586733876,-0.0999999999999996,-2.70213194197098,-2.81027662946496,0.442980574208285,-15.886609,197.91636,0.17,38.1812070444836,-0.115534104646313,-0.0115291134812498,0,0,0,0,0,0,0,0,0,0,1,1,0,1,0,1,0,1
2011-09-01,79.2,6450000,85.52,0.02,2.3,5.36,4.37,226.597,NA,95.2749,9,9531,76.5667,-14.476812,245.12671,0.01,0.00183074263624978,5665,8936,331194.5,0.314949728891101,1.9793813989093,0.672844381604865,0,4.05278336121171,-0.515134790054539,-3.7342357626386,-14.476812,245.12671,0.01,37.7410115756166,-0.0115291134812498,0.00867347302912709,0,0,0,0,0,0,0,0,0,0,0,0,0,0,0,0,0,0
2011-10-01,93.19,6570000,86.32,0.01,1.98,5.27,4.09,226.75,NA,95.1961,9,9551.5,76.3992,13.761966,204.62979,-0.27,0.0192222187573076,5614,8914,321211.4,0.216919345588362,0.214856626608118,-0.0827422594470661,0,-0.904341654027796,-3.06063427448873,-0.246498724253641,13.761966,204.62979,-0.27,38.0683572216097,0.00867347302912709,0.123503174633889,0,0,0,0,0,0,1,1,0,0,1,1,0,0,0,0,0,0
2011-11-01,100.36,6240000,97.16,0.02,2.15,5.37,3.98,227.169,NA,95.8568,8.8,9584.4,76.8123,25.737795,159.73957,0.16,0.00691585124488703,5902,8907,314852.25,0.0674979676975163,0.343856650763641,0.691643658723429,-0.199999999999999,5.00277985810573,-1.99959921787976,-0.0785590074631415,25.737795,159.73957,0.16,42.7699201915754,0.123503174633889,0.0141681455233818,1,1,0,1,0,0,1,1,1,0,1,1,1,1,0,0,0,0
2011-12-01,98.83,4700000,98.56,0.01,2.01,5.14,3.87,227.223,NA,95.8485,8.6,9636.5,76.6783,13.568039,166.33902,-0.35,0.00740084704166669,6039,8724,312900.5,0.184614488049473,0.542119542776298,-0.00865912419243386,-0.200000000000001,2.29471588050156,-0.621823254116194,-2.07596361103501,13.568039,166.33902,-0.35,43.3758906448731,0.0141681455233818,0.0145859067386581,1,1,1,1,1,1,0,1,1,1,0,1,0,0,0,0,0,0
2012-01-01,98.48,5410000,100.27,0.01,1.98,5.25,3.93,227.842,NA,96.3571,8.5,9683.9,76.9495,15.520676,189.39836,0.28,0.00767943194475854,6112,8711,307738.8,0.0237680241968796,0.490674055408391,0.529226190156162,-0.0999999999999996,1.20156165384557,-1.66338774021426,-0.149125350262658,15.520676,189.39836,0.28,44.0085673405254,0.0145859067386581,0.0170740892472964,1,1,1,1,1,1,0,0,1,1,0,1,0,0,0,0,0,0
2012-02-01,107.07,5540000,102.2,0.03,1.97,5.23,3.85,228.329,NA,96.9318,8.3,9757.6,77.2652,-43.251997,178.28653,0.36,0.00276409760097378,6177,8527,309300.25,0.272049215726167,0.758175583583842,0.594655661573817,-0.199999999999999,1.05786648495414,0.506111674141607,-2.13489950768437,-43.251997,178.28653,0.36,44.7599735469432,0.0170740892472964,0.0365775094960564,1,1,1,1,1,1,1,1,1,1,1,1,1,0,0,0,0,0
2012-03-01,103.02,5740000,106.16,0.09,1.97,5.14,3.85,228.807,NA,97.2435,8.3,9809.8,77.3673,-82.454517,149.63708,0,0.000648354904608432,6268,8562,315370.25,0.213516503686773,0.533541746271737,0.321050378429177,0,1.46246077800125,1.94348574455461,0.409620796284216,-82.454517,149.63708,0,46.3971819043998,0.0365775094960564,-0.0283657511845328,1,1,1,1,1,1,0,1,1,1,1,0,0,0,0,0,0,0
2012-04-01,104.87,4480000,103.32,0.08,2.17,5.23,3.99,229.187,NA,96.74,8.2,9853.9,76.8194,-62.405961,137.55312,-0.39,0.00062369884450696,6327,8771,325457.4,0.209128213139831,0.448542989748724,-0.519117482368436,-0.100000000000001,0.936886567097339,3.1484232094634,2.41170172464908,-62.405961,137.55312,-0.39,45.0810909868361,-0.0283657511845328,-0.0819185088441807,1,1,1,1,1,1,1,0,1,1,1,0,1,0,0,0,0,0
2012-05-01,86.53,5810000,94.66,0.08,2.05,5.19,3.96,228.713,NA,97.4359,8.2,9907.7,77.2234,-45.168557,136.59669,0.06,0.00115526741200981,6320,8636,344968,0.165941076607456,0.544491669883485,0.716775850578255,0,-0.110698200598058,5.82200815986553,-1.55113123166846,-45.168557,136.59669,0.06,41.3881152361256,-0.0819185088441807,-0.129853518527554,0,0,0,0,1,1,0,0,0,0,0,0,0,0,0,0,0,0
2012-06-01,84.96,5950000,82.3,0.09,1.8,5.07,3.8,228.524,NA,97.6609,8.2,9951.4,77.2546,-37.179152,158.56198,-0.17,0.00162754787191376,6370,8991,357930.75,-0.207032177028221,0.440101218434741,0.230654833654942,0,0.788026142530462,3.6887872829114,4.02845643500758,-37.179152,158.56198,-0.17,36.0137228474909,-0.129853518527554,0.0677353698304844,0,0,0,0,0,0,0,0,0,0,1,0,0,0,0,0,0,0
2012-07-01,88.06,5270000,87.9,0.09,1.62,5.02,3.64,228.59,NA,97.6663,8.2,10021.6,77.1149,-53.03784,194.61057,-0.32,0.00149609616860166,6275,9193,359457.6,-0.0826704797574074,0.702951875756597,0.0055291838529925,0,-1.50259845662237,0.425669668450901,2.22182478789819,-53.03784,194.61057,-0.32,38.4531256835382,0.0677353698304844,0.0646906453595302,0,0,0,0,0,0,1,1,0,0,0,0,0,0,0,0,0,0
2012-08-01,96.47,5080000,94.13,0.1,1.53,4.87,3.4,229.918,NA,97.8713,8.2,10074.5,77.1372,-40.945021,184.8797,-0.28,0.00343722230006914,6431,8712,351334.25,0.0288768230500835,0.526471526183947,0.209678420014292,0,2.45565621348778,-2.28581790819575,-5.37409392509591,-40.945021,184.8797,-0.28,40.9406832000974,0.0646906453595302,-0.000730809244371174,0,1,0,0,0,0,1,1,1,0,0,1,1,1,0,0,0,0
2012-09-01,92.19,4340000,94.51,0.1,1.68,4.91,3.48,231.015,NA,97.4525,8.1,10145.6,76.672,-74.184664,152.35347,-0.45,0.001552837871293,6351,8665,337643.6,0.579271774312318,0.703263515394603,-0.428827046970337,-0.0999999999999996,-1.25177663318876,-3.9747148235465,-0.540946246308849,-74.184664,152.35347,-0.45,40.9107633703439,-0.000730809244371174,-0.0556627559351942,0,0,0,0,0,0,0,1,1,0,0,1,0,0,1,0,0,0
2012-10-01,86.24,5240000,89.49,0.11,1.72,4.84,3.49,231.638,NA,97.381,7.8,10226.1,76.4846,-81.82239,175.27705,-0.11,0.000728285583558981,6598,8381,337531,0.475991986345825,0.79031616410834,-0.0733960055224081,-0.3,3.81542919855526,-0.0333543356175525,-3.33246840508004,-81.82239,175.27705,-0.11,38.633557533738,-0.0556627559351942,-0.0314497919171704,0,0,0,0,0,0,0,0,0,0,0,0,0,0,0,0,0,0
2012-11-01,88.91,5170000,86.53,0.1,1.75,4.58,3.47,231.249,NA,97.7193,7.8,10292.4,76.6227,-52.132113,165.94452,-0.26,0.00104463933352533,6970,8108,344173.75,0.269316475440018,0.646248319752551,0.346796328918586,0,5.48486519660418,1.94892591227784,-3.31160105270154,-52.132113,165.94452,-0.26,37.4185401882819,-0.0314497919171704,0.0154933493359165,0,0,0,0,0,0,1,0,0,1,0,0,1,0,0,0,0,0
2012-12-01,91.82,3590000,87.86,0.09,1.65,4.51,3.5,231.221,NA,98.0777,7.7,10361.9,76.78,-44.489326,187.49064,0.28,0.000925533992940927,7082,8183,347231.4,-0.168075617407748,0.672985889719691,0.366093862814143,-0.0999999999999996,1.59411289172802,0.884479941587202,0.920760295548995,-44.489326,187.49064,0.28,37.998278703059,0.0154933493359165,0.0764019064200333,1,0,0,0,0,0,1,1,0,1,0,0,1,1,1,1,0,0
2013-01-01,97.49,4380000,94.76,0.07,1.72,4.63,3.65,231.679,NA,98.3101,7.9,10484.1,76.8435,-62.32843,192.82518,0.14,0.00190265060582652,7106,7604,341113,-0.0121088935646441,1.17242060603786,0.236674690059324,0.2,0.338314390912231,-1.77776157959872,-7.3384406919061,-62.32843,192.82518,0.14,40.9014196366524,0.0764019064200333,0.000372189055159852,1,1,1,1,1,0,1,1,1,1,0,0,1,1,1,1,1,1
2013-02-01,92.05,4120000,95.31,0.07,1.91,4.73,3.8,232.937,NA,98.3342,8,10508.1,76.7502,-72.833505,157.5333,-0.33,0.00103570238782688,7083,7956,335311,0.197882976647978,0.228656457700893,0.0245112623357358,0.0999999999999996,-0.324195082734846,-1.715534131292,4.52519363655419,-72.833505,157.5333,-0.33,40.9166426973817,0.000372189055159852,-0.0221164966963235,1,0,1,1,1,1,0,1,1,0,1,0,1,1,1,1,1,1
2013-03-01,97.23,4030000,92.94,0.1,1.98,4.85,3.9,232.282,NA,98.7941,7.7,10527.5,77.0029,-76.591513,114.65412,0.23,0.000906803599113957,7145,7293,346048,0.541523784895492,0.184449271712239,0.466600517933191,-0.3,0.871526461034478,3.15190343834839,-8.70113769896292,-76.591513,114.65412,0.23,40.0117099043404,-0.0221164966963235,-0.00782722329260247,1,1,1,1,1,1,1,0,1,1,1,0,1,1,1,1,1,1
2013-04-01,93.46,5430000,92.02,0.09,1.96,4.85,3.93,231.797,NA,99.1921,7.5,10583.8,77.2135,-59.926043,124.94082,-0.26,0.00124274391308866,7214,7497,355997.6,-0.281587997395238,0.533364913270162,0.402048765132612,-0.2,0.961077109951702,2.83464954967325,2.75879565188291,-59.926043,124.94082,-0.26,39.6985293166003,-0.00782722329260247,0.0266341487587717,1,1,1,1,1,1,0,1,0,1,1,0,0,1,1,1,1,1
2013-05-01,91.97,5870000,94.51,0.06,1.76,4.59,3.73,231.893,NA,99.1065,7.6,10611.3,77.0553,-59.789444,118.71049,-0.29,0.000484520021597299,7374,7760,361220.75,-0.209016213434055,0.259494085250189,-0.0863344525043885,0.0999999999999996,2.19367173306058,1.45652780340839,3.44793936742018,-59.789444,118.71049,-0.29,40.7558658519231,0.0266341487587717,0.0109255071754399,0,1,1,1,1,1,0,0,0,1,0,1,0,0,0,0,1,1
2013-06-01,96.56,4920000,95.77,0.04,1.93,4.73,3.89,232.445,NA,99.1839,7.5,10646.1,77.0307,-62.285352,104.30455,0.14,0.00168274494950038,7326,7741,366023.6,0.0414069750788393,0.327415686662391,0.0780673234115348,-0.0999999999999996,-0.653063545533072,1.3208544906524,-0.245145597255103,-62.285352,104.30455,0.14,41.2011443567295,0.0109255071754399,0.090795799726454,1,1,1,1,1,1,1,1,0,1,1,1,0,0,0,0,0,0
2013-07-01,105.03,5380000,104.67,0.05,2.3,5.19,4.27,232.9,NA,99.3897,7.5,10703.3,77.1119,-52.400344,114.61614,-0.14,0.00101555805759379,7277,7731,362836,0.237757952195494,0.535847722807858,0.207278383112186,0,-0.671097499167317,-0.874687065377522,-0.129265788423893,-52.400344,114.61614,-0.14,44.9420352082439,0.090795799726454,0.0157274514626539,1,1,1,1,1,1,1,1,1,1,1,1,1,1,1,1,0,0
2013-08-01,107.65,5300000,106.57,0.04,2.58,5.32,4.34,233.456,NA,99.0814,7.3,10742.8,76.8008,-34.681985,94.03991,-0.52,0.00224767993995227,7522,8058,338944.75,0.195553898719592,0.36836576035455,-0.310675204574995,-0.2,3.31133706831945,-6.81138267962638,4.14271664308181,-34.681985,94.03991,-0.52,45.6488588856144,0.0157274514626539,-0.00300319371809166,1,1,1,1,1,1,1,1,1,1,1,1,1,1,1,1,1,1
2013-09-01,102.33,4580000,106.29,0.04,2.74,5.42,4.54,233.544,NA,99.6543,7.2,10801.2,77.1772,-37.921975,102.77067,0.3,0.000502065488268719,7534,8099,332419.8,0.238444563137108,0.542147633150591,0.576546223913077,-0.0999999999999996,0.159404922170481,-1.94384867525752,0.507521049769721,-37.921975,102.77067,0.3,45.5117665193711,-0.00300319371809166,-0.0546032866977608,1,1,1,1,1,1,0,0,1,1,1,1,1,1,1,1,1,1
2013-10-01,96.38,5140000,100.54,0.02,2.81,5.47,4.64,233.669,NA,100.161,7.2,10862,77.5046,5.6755925,144.40178,0.1,0.000950424693989841,7838,7923,330400.5,0.0376873666131594,0.561322054375069,0.507169457108247,0,3.95575905075898,-0.609307303139595,-2.19706752837467,5.6755925,144.40178,0.1,43.0266744839923,-0.0546032866977608,-0.0681599864788238,0,0,1,1,1,1,0,0,0,1,0,1,0,0,1,1,1,1
2013-11-01,92.72,4510000,93.86,0.05,2.62,5.31,4.53,234.1,NA,100.082,7.2,10986.3,77.3802,17.174959,171.02225,0.01,0.000622220773974521,7760,7478,348118,0.0535087863489991,1.13785824171817,-0.0789041355739428,0,-1.00013655823119,5.22359477965875,-5.78045454281835,17.174959,171.02225,0.01,40.0939769329346,-0.0681599864788238,0.0374230828661403,0,0,0,0,0,1,0,0,0,1,1,1,0,0,0,0,0,0
2013-12-01,98.42,3660000,97.63,0.07,2.72,5.38,4.63,234.719,NA,100.3158,6.9,10995.6,77.4988,-1.7423163,89.90614,0.3,0.00143836761477042,7919,7408,358396.2,0.184279044557734,0.0846150747195296,0.233336000772777,-0.3,2.02826010331485,2.90975756065386,-0.940487921104349,-1.7423163,89.90614,0.3,41.594417154129,0.0374230828661403,-0.0331744419168275,1,1,0,0,0,0,1,1,0,1,1,1,0,0,0,0,0,0
2014-01-01,97.49,4490000,94.62,0.07,2.9,5.38,4.62,235.288,NA,100.5175,6.7,11060.1,77.5927,31.609292,104.60212,-0.15,0.000644399434447795,7932,7772,339051,0.264067949336599,0.584884486760373,0.200863171411303,-0.2,0.164027542927414,-5.54885398230045,4.79670341713145,31.609292,104.60212,-0.15,40.214545578185,-0.0331744419168275,0.0643536411978492,0,0,0,1,0,0,0,1,1,0,1,1,0,0,0,0,0,0
2014-02-01,102.59,3930000,100.82,0.04,2.86,5.19,4.49,235.547,NA,100.1599,6.6,11130.8,77.254,-7.6186765,93.50074,-0.7,0.00074551790892849,8072,7589,323861,0.242124171757485,0.637200286745987,-0.356393274487488,-0.100000000000001,1.74960723937581,-4.58361271484655,-2.38277010934169,-7.6186765,93.50074,-0.7,42.8024980152581,0.0643536411978492,-0.00223586288403375,1,1,1,1,0,1,1,1,1,0,1,1,0,0,0,0,0,0
2014-03-01,101.58,4590000,100.8,0.05,2.71,5.1,4.45,236.028,NA,100.9168,6.7,11196.8,77.7747,-33.161447,88.98535,0.44,0.00130358848173114,8149,7199,331104,0.110017320770073,0.59119826791374,0.752850603761601,0.100000000000001,0.949393728677528,2.21181140280144,-5.27577029346098,-33.161447,88.98535,0.44,42.7067974986019,-0.00223586288403375,0.0107150459097658,1,1,1,1,1,1,0,1,1,0,1,1,0,0,0,0,0,0
2014-04-01,99.74,4710000,102.07,0.05,2.72,5.06,4.38,236.468,NA,101.8942,6.7,11232.6,78.4628,-6.8038029,93.46759,0.48,0.00125356293880284,8291,7274,345435.25,0.203997314024917,0.319224146890917,0.96386050748114,0,1.72753687959979,4.23726906704456,1.03642190776316,-6.8038029,93.46759,0.48,43.1644027944584,0.0107150459097658,-0.000823746528888816,0,1,1,1,1,1,0,0,1,1,0,1,0,0,0,0,0,0
2014-05-01,102.71,4380000,102.18,0.03,2.71,4.9,4.24,236.918,NA,101.9928,6.2,11277.7,78.4705,-41.871044,91.11802,0.05,0.000869032534954219,8520,7555,362037.25,0.186245016756281,0.400705990997707,0.096720249634874,-0.5,2.72457517071434,4.69418909913735,3.79032491599052,-41.871044,91.11802,0.05,43.128846267485,-0.000823746528888816,0.0339638072532874,1,1,1,1,1,1,1,1,1,1,0,1,0,0,0,0,0,0
2014-06-01,105.37,4120000,105.79,0.03,2.56,4.76,4.16,237.231,NA,102.3836,6.3,11342.8,78.6999,-47.187447,90.39225,0.12,0.00136269673232978,8636,7167,362402.6,0.190119748174045,0.575585683159296,0.382432097151586,0.0999999999999996,1.3523171811336,0.100864145166568,-5.27224387129213,-47.187447,90.39225,0.12,44.5936660891705,0.0339638072532874,-0.0218967572466167,1,1,1,1,1,1,1,1,1,1,1,1,1,0,0,0,0,0
2014-07-01,98.17,5140000,103.59,0.04,2.6,4.8,4.25,237.498,NA,102.735,6.1,11398.1,78.8952,-55.55176,81.00762,0.14,0.000555205785791901,8734,7068,354869,0.13202602787965,0.486349344163983,0.342631378895231,-0.2,1.12839424108095,-2.1007041247568,-1.39096025543317,-55.55176,81.00762,0.14,43.6172094080792,-0.0218967572466167,-0.0679076262000466,0,0,1,1,1,1,0,0,0,1,1,0,0,0,1,0,0,0
2014-08-01,95.96,4590000,96.54,0.03,2.54,4.73,4.16,237.46,NA,102.9632,6.2,11453,78.9933,-69.10839,76.64489,0.3,0.000282000159016906,8837,7630,342269.5,0.112485240275095,0.480502957222839,0.221878551799914,0.100000000000001,1.17239974724974,-3.61502688481501,7.65102908389146,-69.10839,76.64489,0.3,40.6552682557062,-0.0679076262000466,-0.0345625908417765,0,0,0,0,0,1,0,0,0,0,1,0,0,0,0,0,0,0
2014-09-01,91.16,5560000,93.21,0.03,2.42,4.69,4.08,237.477,NA,102.7688,6.1,11477.3,78.7669,-52.551102,71.26214,-0.23,0.000949118235286562,8920,7473,331594.4,-0.0160014148960386,0.211946717631939,-0.188983782647423,-0.100000000000001,0.934849405605043,-3.16859031384151,-2.07913203482111,-52.551102,71.26214,-0.23,39.2501168534216,-0.0345625908417765,-0.0943385126056361,0,0,0,0,0,0,0,0,0,0,0,0,0,0,0,0,0,0
2014-10-01,80.54,7170000,84.4,0.02,2.53,4.8,4.11,237.43,NA,103.0641,5.9,11519.1,78.9218,-34.318086,84.33692,0.01,0.000546202262186083,9070,7495,327705.5,0.00715884422870516,0.363535562392947,0.286931975014948,-0.199999999999999,1.66763175351274,-1.17971960943901,0.293960660640735,-34.318086,84.33692,0.01,35.5473192098724,-0.0943385126056361,-0.100320427127644,0,0,0,0,0,0,0,0,0,0,0,0,0,0,0,0,0,0
2014-11-01,66.15,5850000,75.79,0.02,2.3,4.69,3.92,236.983,NA,103.0764,5.7,11593.1,78.8663,-36.088866,100.20666,0.04,0.000721023686487063,9250,7148,342701.4,-0.0197933490782454,0.640356633017092,0.0119336084026145,-0.2,1.96512873972896,4.4744174870436,-4.74035342573789,-36.088866,100.20666,0.04,31.9811969634953,-0.100320427127644,-0.215286286147381,0,0,0,0,0,0,0,0,0,0,0,0,0,0,0,0,0,0
2014-12-01,53.27,6560000,59.29,0.02,2.33,4.79,3.92,236.252,NA,103.7126,5.8,11634.2,79.2962,-16.671372,88.56003,0.27,0.00294399966703691,9307,7295,348156.75,-0.188443458454213,0.353894278672762,0.615315135018957,0.0999999999999996,0.614325367923918,1.57932953174136,2.03565846775664,-16.671372,88.56003,0.27,25.0960838426765,-0.215286286147381,-0.1984696431231,0,0,0,0,0,0,0,0,0,0,0,0,0,0,0,0,0,0
2015-01-01,48.24,7310000,47.22,0.03,2.21,4.74,3.79,234.747,NA,103.7044,5.6,11717.6,79.2419,-54.348096,85.1875,0.06,0.000150254527271718,9546,7225,350872.75,-0.308937665812437,0.714294868923382,-0.00790677717281696,-0.2,2.53554133801313,0.777081272605606,-0.96419479762524,-54.348096,85.1875,0.06,20.1152730386331,-0.1984696431231,0.0684481543456986,0,0,0,0,0,0,0,0,0,0,0,0,0,0,0,0,0,0
2015-02-01,49.76,8460000,50.58,0.03,1.88,4.45,3.46,235.342,NA,102.8905,5.7,11805.2,78.5803,-76.199739,117.16063,-0.26,0.00199284430508246,9377,7171,363976,-0.639069349248711,0.744812734574296,-0.787922848747691,0.100000000000001,-1.78623361462176,3.66643092756522,-0.75021190980582,-76.199739,117.16063,-0.26,21.4921263522873,0.0684481543456986,-0.0571071304635558,0,0,0,0,0,0,1,0,0,0,0,0,0,0,0,0,0,0
2015-03-01,47.6,7690000,47.82,0.02,1.98,4.51,3.61,235.976,NA,102.2335,5.5,11922.8,78.055,-105.88301,100.31974,-0.48,0.00222662373520443,9485,7100,396376.25,0.253143688849811,0.991242101383172,-0.640590322631507,-0.2,1.14517209494895,8.5275955035792,-0.995033085316877,-105.88301,100.31974,-0.48,20.264772688748,-0.0571071304635558,0.137459141294123,0,0,0,0,0,0,0,0,0,0,0,0,0,0,0,0,0,0
2015-04-01,59.63,7630000,54.45,0.03,2.04,4.54,3.64,236.222,NA,101.8914,5.4,11920.5,77.7804,-99.427339,105.21813,0.01,0.000813542242110722,9580,7592,427918,0.269032959658144,-0.0192926315328634,-0.335187250837521,-0.0999999999999996,0.996598859579301,7.65677020084219,6.70002772603571,-99.427339,105.21813,0.01,23.0503509410639,0.137459141294123,0.0849437113610144,0,0,0,0,0,0,1,1,1,0,0,0,0,0,0,0,0,0
2015-05-01,60.3,6340000,59.27,0.02,1.94,4.48,3.52,237.001,NA,101.3355,5.4,11954.6,77.3487,-96.726032,109.64379,-0.01,0.00172037273966936,9652,7208,453767.5,0.104193589238211,0.28565344804754,-0.547074611149601,0,0.748755578001514,5.86533638871938,-5.19035410015896,-96.726032,109.64379,-0.01,25.0083332981717,0.0849437113610144,0.00649367329437734,0,0,0,0,0,0,1,1,1,0,0,0,1,0,1,0,0,0
2015-06-01,59.47,6540000,59.82,0.02,2.2,4.89,3.98,237.657,NA,100.8883,5.6,11982.6,77.0092,-95.93679,101.01894,-0.34,0.000574344171440674,9466,7245,449211.4,0.329231970405353,0.233945597400442,-0.442282984484343,0.199999999999999,-1.9458716278729,-1.00913513356282,0.512005546660887,-95.93679,101.01894,-0.34,25.170729244247,0.00649367329437734,-0.150461648184258,1,0,1,0,1,0,0,0,1,1,0,0,0,0,1,0,1,0
2015-07-01,47.12,7170000,50.9,0.02,2.36,5.13,4.19,238.034,NA,100.571,5.3,12023.2,76.7774,-80.265765,108.95279,-0.14,0.000887000873633741,9350,7321,434569.5,0.276409717171511,0.338251911706067,-0.315001851362062,-0.3,-1.23300881834609,-3.31377151085839,1.04353548918592,-80.265765,108.95279,-0.14,21.3834998361579,-0.150461648184258,-0.157756776010247,0,0,0,0,1,0,0,0,0,0,0,0,0,0,0,0,1,0
2015-08-01,49.2,8240000,42.87,0.03,2.32,5.2,4.15,238.033,NA,101.2228,5.2,12067,77.2924,-46.948864,98.91843,0.35,0.0010521623056187,9436,7360,429155.4,0.158506290399441,0.363633745371672,0.646008219060779,-0.0999999999999996,0.915581824483347,-1.25367947862589,0.531300207627972,-46.948864,98.91843,0.35,18.0101078421899,-0.157756776010247,0.0632715313028218,0,0,0,0,0,0,1,0,0,0,0,0,1,0,0,0,0,0
2015-09-01,45.09,7970000,45.48,0.07,2.17,5.19,4.04,237.498,NA,101.0367,5.1,12112,77.1715,-37.935653,129.69532,-0.28,0.00115978142180224,9400,7717,422227.75,-0.000420108934306995,0.372224260362941,-0.184021074428653,-0.100000000000001,-0.382247226947108,-1.62742307001764,4.73657547346811,-37.935653,129.69532,-0.28,19.1496349442943,0.0632715313028218,0.0152663005559984,0,0,0,0,0,0,0,0,0,0,0,0,0,0,0,0,0,0
2015-10-01,46.59,8310000,46.22,0.02,2.17,5.34,4.07,237.733,NA,100.7547,5,12173.9,76.9791,-55.693784,138.72169,-0.12,0.00584694958992011,9471,7228,424510.25,-0.225011713527223,0.509761911586182,-0.279496731355522,-0.0999999999999996,0.752480896800733,0.539129111625236,-6.54633147454842,-55.693784,138.72169,-0.12,19.4419790268915,0.0152663005559984,-0.0828783875378422,0,0,0,0,0,0,1,0,0,0,0,0,1,1,0,0,0,0
2015-11-01,41.65,7880000,42.44,0.02,2.07,5.34,3.95,238.017,NA,100.2675,5,12225.2,76.6282,-67.016719,102.89402,-0.26,0.00405349447027715,9394,7102,441814.2,0.098899280204634,0.420507933436021,-0.484723531952813,0,-0.816331063916209,3.99532801958067,-1.75859382090859,-67.016719,102.89402,-0.26,17.8306591545982,-0.0828783875378422,-0.122760534867499,0,0,0,0,0,0,0,0,0,0,0,0,0,0,0,0,0,0
2015-12-01,37.04,8700000,37.19,0.12,2.26,5.46,4.06,237.761,NA,99.5298,5.1,12317,76.0819,-97.862916,92.10044,-0.36,0.00161890992255176,9328,7371,455785.75,0.119390450335111,0.748102681403218,-0.738451773168602,0.0999999999999996,-0.70505579966671,3.11334209008312,3.71769476862553,-97.862916,92.10044,-0.36,15.6417578997397,-0.122760534867499,-0.147767406471271,0,0,0,0,0,0,0,0,0,0,0,0,0,0,0,0,0,0
2016-01-01,33.62,10390000,31.68,0.23,2.24,5.46,3.97,237.652,NA,99.0417,5,12387.9,75.7214,-109.05318,99.34261,-0.3,0.00111875732492434,9270,7902,454872.5,-0.107613224951653,0.573976779096874,-0.49161232406858,-0.0999999999999996,-0.623725003037201,-0.20056927088774,6.95625097820489,-109.05318,99.34261,-0.3,13.3304159022436,-0.147767406471271,-0.0416550052382797,0,0,0,0,0,0,0,0,0,0,0,0,0,0,0,0,0,0
2016-02-01,33.75,11470000,30.32,0.26,2.09,5.45,4,237.336,NA,99.5607,4.8,12518.5,76.1248,-138.40083,119.01519,0.09,0.00283848252847037,9209,7615,458442.2,-0.0458548680452253,1.04873604373381,0.522653483991409,-0.2,-0.660211283853407,0.781706059832032,-3.69959056420743,-138.40083,119.01519,0.09,12.7751373580072,-0.0416550052382797,0.23458628792876,0,0,0,0,0,0,1,0,0,0,0,0,0,0,0,0,0,0
2016-03-01,38.34,10880000,37.55,0.31,1.78,5.34,3.96,238.08,NA,99.0445,4.9,12603.9,75.7291,-161.10788,114.62456,-0.23,0.00430131577971563,9067,7914,476630.75,-0.133056012623634,0.679873968669042,-0.519826431929982,0.100000000000001,-1.5539818075311,3.89078615964138,3.85133566161073,-161.10788,114.62456,-0.23,15.7720094086021,0.23458628792876,0.0810784790126523,0,0,0,0,0,0,1,1,1,0,0,0,1,1,0,0,0,0
2016-04-01,45.92,11620000,40.75,0.29,1.89,5.13,3.82,238.992,NA,98.3096,5,12661.8,75.1587,-139.01656,104.19081,-0.33,0.0026015427143405,9109,8012,497084,0.312989300892763,0.458329682984093,-0.744756148301651,0.0999999999999996,0.462148709875443,4.20169438032971,1.23070748403382,-139.01656,104.19081,-0.33,17.0507799424248,0.0810784790126523,0.143554196958286,1,1,1,0,0,0,1,1,1,0,0,0,1,1,1,1,1,1
2016-05-01,49.1,11200000,46.71,0.23,1.81,4.79,3.62,239.557,NA,98.6421,5.1,12743.2,75.3969,-93.190519,84.25134,-0.1,0.0012741565867468,8880,7611,506509.6,0.382332692320997,0.640820929410602,0.337646555870652,0.0999999999999996,-2.54613787585942,1.87842512124163,-5.13458485183165,-93.190519,84.25134,-0.1,19.4984909645721,0.143554196958286,0.0409980523243287,1,1,1,1,1,1,1,1,1,1,0,0,1,1,1,1,1,1
2016-06-01,48.33,10420000,48.76,0.27,1.81,4.68,3.65,240.222,NA,98.4184,4.8,12802,75.2034,-91.234561,82.04127,-0.35,0.000817757658540795,8839,7927,507015,0.236130579115468,0.460361272152099,-0.227036971985672,-0.3,-0.462780892526737,0.0997311840068349,4.06800845697646,-91.234561,82.04127,-0.35,20.2978911173831,0.0409980523243287,-0.0838289259176576,1,1,1,1,1,1,0,1,1,1,1,0,1,1,1,1,1,1
2016-07-01,41.6,9340000,44.65,0.27,1.64,4.53,3.5,240.101,NA,98.8833,4.9,12852.5,75.5298,-93.304964,162.62912,0.13,0.000995574762373554,8679,7560,499672.5,0.277211143403466,0.393693622770996,0.471258849156975,0.100000000000001,-1.82674334167032,-1.4587705136373,-4.74034636635778,-93.304964,162.62912,0.13,18.5963407066193,-0.0838289259176576,-0.000280953081139051,1,0,1,1,1,1,0,0,0,1,0,0,1,1,1,1,1,1
2016-08-01,44.7,11590000,44.72,0.3,1.5,4.22,3.28,240.545,NA,98.9992,4.8,12911.9,75.5839,-77.918403,121.96465,0.05,0.00286442333142324,8669,8096,491227,-0.0503827643313137,0.461102181649942,0.117140235496294,-0.100000000000001,-0.115287077560566,-1.70465410669873,6.84989223536689,-77.918403,121.96465,0.05,18.5911160073999,-0.000280953081139051,0.00764296650348897,1,1,1,1,1,1,1,0,0,1,1,0,1,1,1,1,1,1
2016-09-01,48.24,12370000,45.18,0.3,1.56,4.24,3.32,241.176,NA,98.85,4.9,12989.7,75.432,-82.938228,91.8289,-0.22,0.000477662939604904,8695,8016,492907.5,0.184751408018524,0.600736896357823,-0.150821967723314,0.100000000000001,0.29947039197431,0.341518691474896,-0.993056820260207,-82.938228,91.8289,-0.22,18.7332072843069,0.00764296650348897,0.0992397870663473,1,1,1,1,1,1,1,1,0,1,1,1,1,1,1,1,1,1
2016-10-01,46.86,10820000,49.78,0.29,1.63,4.31,3.41,241.741,NA,98.7457,5,13054.9,75.3145,-62.319798,79.80896,-0.09,0.000279163603518802,8547,8040,475209.8,0.261977518476897,0.500680649373386,-0.105569108727277,0.0999999999999996,-1.71678036223657,-3.65651389323283,0.298953884836628,-62.319798,79.80896,-0.09,20.5922867862713,0.0992397870663473,-0.0838442620296696,1,1,1,1,1,1,0,1,1,1,1,1,1,1,1,1,1,1
2016-11-01,49.44,13500000,45.66,0.33,1.76,4.38,3.51,242.026,NA,98.7611,4.9,13122.8,75.2918,-57.58607,92.51785,-0.07,0.00167311348003199,8809,7570,473351.25,0.233994768375556,0.518763315909254,0.0155943998193742,-0.0999999999999996,3.01935819437791,-0.391867740790985,-6.02360157415163,-57.58607,92.51785,-0.07,18.865741697173,-0.0838442620296696,0.135329193280479,1,1,1,1,1,1,1,1,1,1,1,1,1,1,1,1,1,1
2016-12-01,53.72,10640000,51.97,0.45,2.14,4.71,3.86,242.637,NA,98.3491,4.7,13208.7,74.9498,-36.499172,169.37782,-0.22,0.000364052267687285,8908,8023,488117,0.117825330364241,0.652452801596581,-0.418040872570646,-0.2,1.11758232674628,3.07174178915872,5.81193493221601,-36.499172,169.37782,-0.22,21.4188273016894,0.135329193280479,0.00613032917834265,1,1,1,1,1,1,1,1,1,1,1,1,1,1,1,1,1,1
2017-01-01,52.81,10110000,52.5,0.51,2.49,4.83,4.06,243.618,NA,99.0214,4.7,13234.9,75.4424,-38.685193,115.15205,0.39,0.000946375266955577,8820,7817,483894.6,0.252134090568212,0.198157653066744,0.681259458935557,0,-0.99278793764217,-0.868801680852016,-2.60115675333257,-38.685193,115.15205,0.39,21.5501317636628,0.00613032917834265,0.0168566861938993,1,1,1,1,1,1,0,1,1,1,1,1,1,1,1,1,1,1
2017-02-01,54.01,9090000,53.47,0.51,2.43,4.66,3.92,244.006,NA,98.7611,4.7,13315.7,75.2339,-53.500839,134.86953,-0.12,0.000524022274264743,8875,8478,487905.75,0.403492542365846,0.608651024385587,-0.263218586364911,0,0.621646534277964,0.825513754766583,8.11737236922525,-53.500839,134.86953,-0.12,21.91339557224,0.0168566861938993,-0.0769953650855607,1,1,1,1,1,1,1,1,1,1,1,1,1,1,1,1,1,1
2017-03-01,50.6,12600000,49.33,0.52,2.42,4.64,3.95,243.892,NA,98.3646,4.6,13394.8,74.9346,-71.262955,133.33148,-0.09,0.000335573246300725,9097,7877,516394.5,0.159139042329759,0.592278176980621,-0.402281929464987,-0.100000000000001,2.47063534784449,5.67487563031328,-7.3527452209257,-71.262955,133.33148,-0.09,20.2261656798911,-0.0769953650855607,0.0337940772803417,1,1,1,1,1,1,0,0,0,1,1,1,1,1,1,1,1,1
2017-04-01,49.33,9720000,51.06,0.74,2.48,4.68,4.01,244.193,NA,99.0137,4.4,13463.6,75.4439,-30.30778,119.77617,0.02,0.00022391165894368,9168,8165,531835.8,-0.0467310798874188,0.512317565322817,0.657724116591663,-0.199999999999999,0.777447113245877,2.94637868265681,3.59096057012405,-30.30778,119.77617,0.02,20.9096902859623,0.0337940772803417,-0.0497933506551326,0,1,0,1,1,1,0,0,0,1,1,1,0,0,0,0,1,1
2017-05-01,48.32,14250000,48.48,0.8,2.3,4.57,3.87,244.004,NA,100.0224,4.4,13521.7,76.2392,-23.4531,121.57059,0.34,0.000575305576274053,9105,8204,530548.5,0.123339188116045,0.430605476127255,1.01359365050238,0,-0.689544679281262,-0.242341802306534,0.476511378770539,-23.4531,121.57059,0.34,19.8685267454632,-0.0497933506551326,-0.0686761842224941,0,0,0,0,0,1,0,0,0,0,1,0,0,0,0,0,0,0
2017-06-01,46.04,15230000,45.18,0.89,2.3,4.55,3.85,244.163,NA,100.1408,4.4,13568.9,76.368,-45.965788,104.17097,0.02,0.000390549663005008,9189,8487,517387.25,-0.0774277635636089,0.348460704158882,0.118303478170922,0,0.918340333917733,-2.51197500555538,3.39137407774057,-45.965788,104.17097,0.02,18.5040321424622,-0.0686761842224941,0.0317557920789766,0,0,0,0,0,0,0,0,0,0,0,0,0,0,0,0,0,0
2017-07-01,50.17,14570000,46.63,0.98,2.19,4.37,3.68,244.243,NA,100.3471,4.3,13580.5,76.5758,-58.196788,98.75896,0.16,0.000503098220272459,9113,8089,509195,0.0651416444055641,0.0854530907194118,0.205798028521009,-0.100000000000001,-0.830515100475893,-1.59605796947027,-4.80304669517242,-58.196788,98.75896,0.16,19.0916423398009,0.0317557920789766,0.0262882443891369,0,1,0,0,0,0,1,1,1,0,1,1,0,0,0,0,0,0
2017-08-01,47.23,17170000,48.04,1.07,2.32,4.39,3.7,245.183,NA,100.1068,4.3,13643.1,76.4534,-52.872455,110.7536,-0.16,0.000447562399519914,9260,7915,487819,0.0327596306004985,0.459895901605023,-0.239755988892831,0,1.60020831440981,-4.28866118978348,-2.17454207028407,-52.872455,110.7536,-0.16,19.5935280994196,0.0262882443891369,0.031783766062756,0,0,0,0,0,0,0,1,0,0,0,1,0,0,0,0,0,0
2017-09-01,51.67,12240000,49.82,1.01,2.21,4.31,3.63,246.435,NA,99.6925,4.4,13697.7,76.2067,-29.964461,109.17827,0.01,0.000258843488555812,9262,7923,465716.75,0.384123914878831,0.399403620838079,-0.414716762066014,0.100000000000001,0.0215959400472698,-4.63668187102932,0.101022865013078,-29.964461,109.17827,0.01,20.2162842128756,0.031783766062756,0.0345253666322926,1,1,0,0,0,0,1,1,1,1,0,1,0,0,0,0,0,0
2017-10-01,54.38,11950000,51.58,1.03,2.2,4.3,3.63,246.626,NA,99.7954,4.3,13745.1,76.3591,-12.557201,96.75077,0.18,0.00075337680679242,9513,7324,467875,0.509339652610752,0.345446143517059,0.103164160960389,-0.100000000000001,2.67392761657597,0.462354952211008,-7.86132951708414,-12.557201,96.75077,0.18,20.9142588372678,0.0345253666322926,0.0951780954807178,1,1,1,1,1,1,1,1,1,1,1,1,1,0,0,0,0,0
2017-11-01,57.4,12530000,56.64,1.07,2.36,4.32,3.6,247.284,NA,101.0247,4.2,13800.1,77.3753,-3.984918,102.16057,0.54,0.000257247989415747,9667,7681,457737,0.0774752047124849,0.399344155010795,1.22429513273667,-0.0999999999999996,1.6058739258149,-2.19063828547945,4.75931202042812,-3.984918,102.16057,0.54,22.9048381617897,0.0951780954807178,0.0197441673486432,1,1,1,1,1,1,1,1,1,1,1,1,1,1,1,1,1,0
2017-12-01,60.42,9490000,57.88,1.23,2.35,4.27,3.57,247.805,NA,101.2664,4.2,13843.5,77.6337,-6.150764,94.48961,0.23,0.000218153501190179,10086,7674,456748.75,0.266445461431974,0.313996987788911,0.238962678056787,0,4.24303001720645,-0.216132484230158,-0.0911755191784991,-6.150764,94.48961,0.23,23.3570751195496,0.0197441673486432,0.0958916633733358,1,1,1,1,1,1,1,1,1,1,1,1,1,1,1,1,1,1
2018-01-01,64.73,12770000,63.7,1.32,2.4,4.22,3.51,248.859,NA,101.4644,4.1,13881.7,77.8538,4.5454421,111.49723,0.2,0.000355335436585539,9987,7782,436785,0.210467286617355,0.275561757335652,0.195332986359897,-0.100000000000001,-0.986407639353537,-4.46923753457966,1.39753827376019,4.5454421,111.49723,0.2,25.5968239042992,0.0958916633733358,-0.025700018835486,1,1,1,1,1,1,1,1,1,1,1,1,1,1,1,1,1,1
2018-02-01,61.64,11990000,62.23,1.41,2.58,4.26,3.55,249.529,NA,101.4625,4,13900.3,77.9138,-22.200687,123.65156,-0.23,0.000244112954938782,10000,8018,415527.75,0.424432446182799,0.133899667259385,-0.00187259550115115,-0.0999999999999996,0.130084573304856,-4.98916841127404,2.9875639657952,-22.200687,123.65156,-0.23,24.9389850478301,-0.025700018835486,0.00784083925344763,1,1,1,1,1,1,0,1,1,1,1,1,1,1,1,1,1,1
2018-03-01,64.94,12380000,62.73,1.57,2.86,4.51,3.82,249.577,NA,101.7085,4.1,13949.3,78.1508,-32.231542,94.00742,0.47,0.000774263456309349,10263,7498,421581.5,0.268866988617766,0.351890515933206,0.242160662905277,0.0999999999999996,2.5960101669531,1.44637167400088,-6.70526959065949,-32.231542,94.00742,0.47,25.1345276207343,0.00784083925344763,0.0533700982164021,1,1,1,1,1,1,1,1,1,1,1,1,1,1,1,1,1,1
2018-04-01,68.57,12710000,66.25,1.7,2.84,4.64,3.87,250.227,NA,102.2067,4,14012.7,78.5697,-29.502532,136.33432,0.1,0.00536166148290339,10467,7620,428084.2,0.0192343911505688,0.45347334700967,0.488635463438403,-0.0999999999999996,1.9682256209169,1.53067893961847,1.6140051384836,-29.502532,136.33432,0.1,26.4759598284757,0.0533700982164021,0.0539221834285587,1,1,1,1,1,1,1,1,1,1,1,1,1,1,1,1,1,1
2018-05-01,67.04,15040000,69.98,1.76,2.87,4.67,3.85,250.792,NA,103.3329,4,14035.9,79.4597,-31.785254,108.21374,0.39,0.00324674407329173,10493,8254,430474.25,0.26010210660754,0.165427189170053,1.09585819031714,0,0.248091730302669,0.556760270412227,7.99215616318349,-31.785254,108.21374,0.39,27.903601390794,0.0539221834285587,-0.031024659299251,1,1,1,1,1,1,0,1,1,1,1,1,1,1,1,1,1,1
2018-06-01,74.15,12860000,67.87,1.86,2.98,4.83,4,251.018,NA,102.4024,3.8,14092.4,78.7526,-18.279944,124.93665,-0.14,0.00236267715670936,10432,7834,434689,0.225540444376637,0.401731181669795,-0.9045665423149,-0.2,-0.583036299147643,0.974332495738572,-5.22246960867516,-18.279944,124.93665,-0.14,27.0379016644225,-0.031024659299251,0.0450069338788118,1,1,1,1,1,1,1,1,1,1,1,1,1,1,1,1,1,1
2018-07-01,68.76,10910000,70.98,1.9,2.91,4.83,3.96,251.214,NA,103.198,4,14137.2,79.356,-13.740462,108.6274,0.21,0.000922711268287089,10641,8487,426013.8,0.0900739384547933,0.317397608255554,0.773932318395598,0.2,1.98364592752984,-2.01590927557795,8.00623457439009,-13.740462,108.6274,0.21,28.254794716855,0.0450069338788118,-0.0428490845422035,1,1,1,1,1,1,0,1,1,1,1,1,1,1,1,1,1,1
2018-08-01,69.8,10420000,68.06,1.96,2.89,4.79,3.87,251.663,NA,103.3646,3.8,14174.6,79.4588,6.2680864,133.08625,0.05,0.000622867056506263,10903,7936,407502.25,0.0780515817194072,0.264200946283744,0.161307067324312,-0.2,2.43235162646496,-4.44252859728156,-6.71262110049682,6.2680864,133.08625,0.05,27.0441026293098,-0.0428490845422035,0.0297599769313347,1,1,1,1,1,1,1,0,1,1,1,1,1,1,1,1,1,1
2018-09-01,73.25,10090000,70.23,2.03,2.89,4.77,3.88,252.182,NA,104.0327,3.8,14223.2,79.9322,9.8288908,99.13562,0.3,0.00065442998665328,11396,7989,407444.6,0.178572541323163,0.342280369945058,0.644272910976706,0,4.4224435911417,-0.0141481619557737,0.665622551733414,9.8288908,99.13562,0.3,27.8489344996867,0.0297599769313347,0.00505284152869855,1,1,1,1,1,1,1,1,0,1,1,1,1,1,1,1,1,1
2018-10-01,65.31,13040000,70.75,2.13,3,4.88,3.98,252.772,NA,104.1004,3.7,14245.5,79.9314,-6.9096485,102.6602,0.02,0.000471272505073543,11444,7593,397571,0.206015811832483,0.156663314875516,0.0650545274995196,-0.0999999999999996,0.420315855220288,-2.45314380219224,-5.08388252688086,-6.9096485,102.6602,0.02,27.9896507524568,0.00505284152869855,-0.194344324560446,0,0,1,1,1,1,0,0,0,0,1,1,1,1,1,1,1,1
2018-11-01,50.93,15120000,56.96,2.25,3.15,5.07,4.14,252.594,NA,103.9856,3.8,14256.6,79.7802,-0.4226183,111.51257,-0.21,0.000230074009964159,11508,7354,418795.75,0.233684758806607,0.0778890015904921,-0.110339005648719,0.0999999999999996,0.557687050143763,5.20097964062796,-3.19823873520164,-0.4226183,111.51257,-0.21,22.5500209822878,-0.194344324560446,-0.131213004133175,0,0,0,0,0,0,0,0,0,0,0,0,0,0,0,0,1,1
2018-12-01,45.41,12160000,49.52,2.33,3.12,5.22,4.22,252.767,NA,104.0681,3.8,14282.8,79.7722,-26.12374,130.22387,0.01,0.00457759382695213,11892,7542,442879.8,-0.0704439979582361,0.183605873706227,0.0793064524438059,0,3.28234594465489,5.59150704966864,2.52430159570842,-26.12374,130.22387,0.01,19.5911649859357,-0.131213004133175,0.0384068622037462,0,0,0,0,0,0,0,0,0,0,0,0,0,0,0,0,0,0
2019-01-01,53.79,14020000,51.38,2.37,2.83,5.13,4.02,252.561,NA,104.0936,3.9,14386.8,79.7142,-14.694765,166.28681,-0.13,0.00283733629102262,11951,7097,441560,0.0684659112032193,0.725510339752411,0.0245001843542703,0.1,0.494905174889304,-0.298449024940162,-6.08152392933192,-14.694765,166.28681,-0.13,20.3436001599614,0.0384068622037462,0.0662821041800017,0,0,0,0,0,0,1,1,0,0,0,0,0,0,0,0,0,0
2019-02-01,57.22,10550000,54.95,2.37,2.71,5.12,3.93,253.319,NA,103.4021,4,14459.7,79.1024,-37.229284,201.03201,-0.36,0.00679309697267124,11873,7558,441940.5,-0.0815312080119313,0.505435010795985,-0.666522303835837,0.1,-0.654804220108929,0.0861346481467962,6.29344453844514,-37.229284,201.03201,-0.36,21.6920167851602,0.0662821041800017,0.0542478119634123,0,0,0,0,0,0,1,1,1,0,0,0,1,1,0,0,0,0
2019-03-01,60.14,11960000,58.15,2.39,2.68,4.95,3.79,254.277,NA,102.8371,3.8,14506.3,78.5877,-89.833303,106.90066,-0.41,0.00301139874367615,11653,6670,449606,0.299676036717322,0.321756819741559,-0.547908849006618,-0.2,-1.8703257092529,1.7196386054545,-12.4986744999765,-89.833303,106.90066,-0.41,22.8687612328288,0.0542478119634123,0.0940809314763018,0,0,0,0,0,0,1,1,1,0,0,0,1,1,1,1,1,1
2019-04-01,63.91,13330000,63.86,2.4,2.57,4.84,3.77,255.233,NA,102.8757,3.8,14557.5,78.5337,-82.247047,140.24737,-0.1,0.00053240341464187,11912,6783,446658.6,0.377465991642811,0.352328690429005,0.0375280492541208,0,2.19826377905825,-0.657709927388694,1.67996220364106,-82.247047,140.24737,-0.1,25.0202755913224,0.0940809314763018,-0.0476826051285962,1,1,1,0,1,0,1,1,1,0,0,0,1,1,1,1,1,1
2019-05-01,53.5,16250000,60.83,2.38,2.53,4.7,3.69,255.296,NA,102.274,3.7,14594.7,77.9898,-69.636116,98.7367,-0.51,0.00110706261501446,12144,6999,460726,0.375262947492327,0.255212438110064,-0.586597714116177,-0.0999999999999996,1.92889252715656,3.1008961795628,3.13477997434592,-69.636116,98.7367,-0.51,23.8272436700928,-0.0476826051285962,-0.101137983798171,0,0,1,0,1,0,0,0,0,1,0,0,1,1,1,1,1,1
2019-06-01,58.47,12460000,54.66,2.35,2.4,4.63,3.67,255.213,NA,102.392,3.6,14704.4,77.9962,-40.20889,122.53876,0.02,0.000374438106825046,12151,7154,475034.2,0.0246802827340353,0.748831961513119,0.115309834632704,-0.1,0.0576250273200074,3.05832952348606,2.19043591294241,-40.20889,122.53876,0.02,21.4174042858318,-0.101137983798171,0.0467974398351853,1,0,0,0,1,0,1,0,0,1,0,0,1,1,1,1,1,1
2019-07-01,58.58,11800000,57.35,2.17,2.07,4.46,3.42,255.802,NA,102.4375,3.6,14802.8,77.9493,-27.503847,150.11678,0.04,0.001831632527485,12222,7152,476475.25,-0.0325165670854943,0.666958333987111,0.0444271950557962,0,0.582613554625055,0.302897906430388,-0.0279602965612469,-27.503847,150.11678,0.04,22.4196839743239,0.0467974398351853,-0.0451629070851973,1,0,1,0,1,0,1,1,0,1,0,0,1,1,1,1,1,1
2019-08-01,55.1,14040000,54.81,2.1,2.06,4.28,3.29,256.036,NA,101.9408,3.7,14886.8,77.4935,18.985371,149.9729,-0.36,0.00106481535327177,11907,6938,449113.5,0.230521711037834,0.565856219923333,-0.486060386936593,0.1,-2.61111440036874,-5.91401407449332,-3.03784893236561,18.985371,149.9729,-0.36,21.407145870112,-0.0451629070851973,0.0374474980423772,0,0,1,0,1,0,0,0,1,0,1,0,1,1,1,1,1,1
2019-09-01,54.07,13080000,56.95,1.95,1.63,3.87,2.98,256.43,NA,102.639,3.6,14974.4,77.9497,24.878305,190.46323,0.17,0.000593541606905754,12488,6944,433589.8,0.0914351870329178,0.586716215638106,0.68257248349024,-0.1,4.76417207440942,-3.51767138986325,0.0864428810491091,24.878305,190.46323,0.17,22.2087899231759,0.0374474980423772,-0.055173486186194,0,0,0,0,0,0,0,0,0,0,1,0,0,0,0,1,1,1
2019-10-01,54.18,11550000,53.96,1.89,1.7,3.91,3.03,257.155,NA,102.2917,3.5,15047,77.6205,37.796461,134.36178,-0.43,0.00432528830700246,12596,6483,418843.5,0.153766328939486,0.4836559355887,-0.338944172338174,-0.1,0.861112002564646,-3.46015840662073,-6.86946111651903,37.796461,134.36178,-0.43,20.9834535591375,-0.055173486186194,0.0539267463664805,0,0,0,0,0,0,1,0,0,0,1,0,1,1,0,1,0,1
2019-11-01,55.17,9470000,57.03,1.65,1.71,3.92,3.01,257.879,NA,101.4281,3.6,15184.1,76.9099,16.579482,118.48822,-0.78,0.000605424164923136,12809,6242,433105.75,0.282329305404261,0.907019194901793,-0.847836266428104,0.1,1.67687456102215,3.34845827147436,-3.78827223442713,16.579482,118.48822,-0.78,22.1150229371139,0.0539267463664805,0.0469248241904603,0,0,0,0,0,0,1,1,1,1,0,1,1,1,1,1,0,1
2019-12-01,61.06,9270000,59.88,1.54,1.81,3.94,3.06,258.63,NA,101.9372,3.6,15296,77.252,-8.7516348,131.75071,0.2,0.0015103066920867,12998,5818,449042.2,0.281146672606258,0.734252858328688,0.500676431521274,0,1.46474506231584,3.61349454507192,-7.03440837755771,-8.7516348,131.75071,0.2,23.152766500406,0.0469248241904603,-0.0412545444228712,1,1,1,1,0,0,1,1,1,1,1,1,1,1,1,1,1,1
2020-01-01,51.56,12540000,57.52,1.54,1.86,3.88,3.01,259.127,NA,101.7003,3.6,15347.5,77.0416,-11.589317,143.46725,-0.35,0.000306361627628315,12983,6833,441501.5,0.290798622764932,0.336123801046817,-0.232668449446383,0,-0.115469009404201,-1.69354524160212,16.0807255725631,-11.589317,143.46725,-0.35,22.1976096663026,-0.0412545444228712,-0.12176596794809,0,0,1,0,1,0,0,0,0,0,0,0,1,1,1,1,1,1
2020-02-01,44.76,13330000,50.54,1.52,1.76,3.77,2.94,259.25,NA,101.0338,3.6,15427.1,76.519,-79.419257,131.39109,-0.25,0.000502373284353316,12865,6411,430868,0.191982011889724,0.517310883097899,-0.657513858004588,0,-0.913036364440778,-2.43796388527002,-6.37485507935214,-79.419257,131.39109,-0.25,19.4946962391514,-0.12176596794809,-0.419412788297521,0,0,0,0,0,0,0,0,0,0,0,0,0,0,0,0,1,1
2020-03-01,20.48,16680000,29.21,1.52,1.5,3.61,2.78,258.076,NA,101.3735,3.5,15493.4,76.7764,-121.21013,160.51565,0.07,0.00111902276136596,12864,6519,443201.25,0.047455810079633,0.42884236417855,0.335660145600958,-0.1,-0.00777332970969269,2.82221771321716,1.67057249372817,-121.21013,160.51565,0.07,11.3183713324757,-0.419412788297521,-0.428889938697752,0,0,0,0,0,0,0,0,0,0,0,0,0,0,0,0,0,0
2020-04-01,18.84,14560000,16.55,0.29,0.87,4.29,3.02,256.032,NA,97.4078,4.4,16033,73.7887,-94.068997,283.14721,-4.37,0.0047766373620181,12805,6296,457518.25,-0.453873192290555,3.42349714144206,-3.99054262010248,0.9,-0.459699278512282,3.17928188041368,-3.48064788272993,-94.068997,283.14721,-4.37,6.46403574553181,-0.428889938697752,0.727231373793614,0,0,0,0,0,0,0,0,0,0,0,0,0,0,0,0,0,0
2020-05-01,35.49,5910000,28.56,0.14,0.66,4.13,2.43,255.802,NA,84.5619,14.8,17065.3,64.0847,-83.137539,268.61639,-18.27,0.0731531786529468,11918,5520,508564.75,-0.795167851901812,6.2398063839229,-14.1422479015456,10.4,-7.17858573267005,10.577576805172,-13.1536650826098,-83.137539,268.61639,-18.27,11.1648853410059,0.727231373793614,0.334915552498729,0,0,0,0,0,0,1,1,0,0,0,0,0,0,0,0,0,0
2020-06-01,39.27,7640000,38.31,0.13,0.67,3.95,2.5,257.042,NA,85.9604,13.2,17932.9,65.1874,-113.47206,350.45982,4.75,0.0143075499077902,9723,6087,531391.6,-0.089872894524845,4.95898525929839,1.64029145284585,-1.6,-20.3555649497268,4.39066832172426,9.77774892227821,-113.47206,350.45982,4.75,14.9041790835739,0.334915552498729,0.0572585700610177,0,0,0,0,0,0,1,1,1,0,0,0,0,0,0,0,0,0
2020-07-01,40.27,6790000,40.71,0.16,0.73,3.64,2.44,258.352,NA,91.5934,11,18184.3,69.5218,-28.621033,231.2598,6.31,0.00407023521395121,10450,6393,537898.5,0.483578794500161,1.39215697954764,6.34724915918268,-2.2,7.21077655833007,1.21706547535805,4.90482922728024,-28.621033,231.2598,6.31,15.7575710658327,0.0572585700610177,0.0361729852734777,0,0,0,0,0,0,1,1,1,0,0,0,0,0,0,0,0,0
2020-08-01,42.61,6370000,42.34,0.13,0.62,3.31,2.14,259.316,NA,95.0256,10.2,18335.4,72.2103,6.4523052,305.96355,2.64,0.00720853844596637,11014,5906,530402.8,0.508350047179906,0.827503304945765,3.67871123008001,-0.800000000000001,5.25652124294691,-1.40331627604784,-7.92348584628577,6.4523052,305.96355,2.64,16.3275694519428,0.0361729852734777,-0.0664572818396807,1,0,1,0,1,0,1,1,1,0,0,0,1,0,0,0,0,0
2020-09-01,40.22,6750000,39.63,0.1,0.65,3.27,2.25,259.997,NA,95.9549,8.4,18411.2,73.0192,-1.1869187,224.42637,1.26,0.00160794649342438,10600,5417,508175,0.372439909098254,0.412555760320998,0.973196043125135,-1.8,-3.83131897222686,-4.2810841447384,-8.64266266459701,-1.1869187,224.42637,1.26,15.2424835671181,-0.0664572818396807,-0.00703344914952308,1,0,1,0,1,0,0,0,1,1,0,0,1,0,1,0,1,0
2020-10-01,35.79,7350000,39.4,0.11,0.68,3.36,2.31,260.319,NA,95.9669,7.8,18602.5,73.1451,-8.4592811,218.05829,0.5,0.000743392334529296,10963,5398,495827.75,0.262269725717257,1.03368052022219,0.0125050932365589,-0.600000000000001,3.36719655743813,-2.45972882609529,-0.35136420799482,-8.4592811,218.05829,0.5,15.1352763340363,-0.00703344914952308,0.0367286357269035,1,0,1,0,1,0,0,0,0,1,0,0,0,0,1,0,1,0
2020-11-01,45.34,7030000,40.94,0.1,0.79,3.44,2.35,260.911,NA,96.7394,6.9,18757.6,73.8636,6.0739817,249.17362,1.01,0.00490744300444566,10492,5293,489399.8,0.123770954999181,0.830302333511135,0.801742483730639,-0.899999999999999,-4.39129046877742,-1.30488458392559,-1.9643321719963,6.0739817,249.17362,1.01,15.6911743851352,0.0367286357269035,0.143539836416667,1,1,1,1,1,1,1,1,1,1,1,0,1,0,1,0,1,0
2020-12-01,48.52,6210000,47.02,0.09,0.87,3.3,2.3,262.045,NA,97.0816,6.7,18997,74.2637,-26.353493,246.7071,0.28,0.00366040066612019,11225,5570,488736,0.227155096428522,1.26820683385223,0.353109679099894,-0.2,6.75303716236897,-0.135727595678148,5.1009861063342,-26.353493,246.7071,0.28,17.9434829895629,0.143539836416667,0.103209557448368,1,1,1,1,1,1,1,1,1,1,1,0,1,1,1,1,1,0
2021-01-01,52.2,7210000,52,0.09,0.93,3.16,2.26,262.687,NA,98.363,6.7,19115.7,75.3903,-21.337858,246.1261,0.68,0.00249203046831123,11188,5713,499082.5,0.433689173626473,0.622891497009093,1.31128551110438,0,-0.330165828860451,2.09489463591979,2.53492258031329,-21.337858,246.1261,0.68,19.795421927998,0.103209557448368,0.131542264222637,1,1,1,1,1,1,1,1,1,1,1,1,1,1,1,1,1,1
2021-02-01,61.5,7600000,59.04,0.08,1.08,3.24,2.45,263.579,NA,98.8822,6.4,19379,75.9401,7.3130205,207.91242,0.86,0.000678179490011253,11156,5787,481309,0.244696462323013,1.36800186111099,0.526452556660395,-0.3,-0.286430557447126,-3.62619372570894,1.28697428493769,7.3130205,207.91242,0.86,22.3993565496492,0.131542264222637,0.0502184167381017,1,1,1,1,1,1,1,1,1,1,1,1,1,1,1,1,1,1
2021-03-01,59.16,9790000,62.33,0.04,1.26,3.42,2.7,264.961,NA,95.6149,6.2,19641.8,73.5725,-2.8730981,151.93288,-1.84,0.00207759137673531,9931,5589,469604.5,0.33899239327928,1.34699428771317,-3.36005769994232,-0.2,-11.631629184402,-2.4618624398661,-3.48136423041403,-2.8730981,151.93288,-1.84,23.5242167715249,0.0502184167381017,-0.0159259173083441,1,1,1,1,1,1,0,1,1,1,1,1,1,1,1,1,1,1
2021-04-01,63.58,7390000,61.72,0.03,1.61,3.74,3.04,266.614,19.4,98.3856,6.1,19873.2,75.8472,26.435701,139.8012,2.4,0.00150126738678399,11376,5819,500937,0.522951205037714,1.17121419800643,2.85657862324502,-0.100000000000001,13.5844695139664,6.4589493583382,4.03280453869712,26.435701,139.8012,2.4,23.149572040478,-0.0159259173083441,0.0489378361495549,1,1,1,1,1,1,1,1,1,1,1,1,1,1,1,1,1,1
2021-05-01,66.32,7510000,65.17,0.02,1.64,3.6,2.9,268.383,18.61,98.5587,6.1,20176.9,76.1216,46.39469,124.88952,0.12,0.00247319395790062,11355,5819,492395.4,0.62192741497622,1.5166295280773,0.175785787732075,0,-0.184769750336322,-1.71982924065794,0,46.39469,124.88952,0.12,24.2824620039272,0.0489378361495549,0.086098905033035,1,1,1,1,1,1,1,1,1,1,1,1,1,1,1,1,1,1
2021-06-01,73.47,7790000,71.38,0.02,1.62,3.62,2.96,270.654,16.76,99.4333,5.8,20460.4,76.931,63.964607,147.01584,0.22,0.00105928261190734,11425,5828,483580.25,0.6613145296404,1.39529249924237,0.883475785639298,-0.3,0.614576122274713,-1.80647738984128,0.154546265842548,63.964607,147.01584,0.22,26.3731553939716,0.086098905033035,0.0108855921453957,1,1,1,1,1,1,1,1,1,1,1,1,1,1,1,1,1,1
2021-07-01,73.95,8110000,72.49,0.04,1.52,3.44,2.79,271.903,15.83,99.7987,5.9,20477.8,77.3367,62.170332,133.57887,0.33,0.00149648327815807,11401,6607,463026.25,0.842618757842128,0.0850061851657813,0.366808956092424,0.100000000000001,-0.210286592868592,-4.34335304264035,12.545580471479,62.170332,133.57887,0.33,26.6602428071776,0.0108855921453957,-0.06831294652641,1,1,1,1,1,1,1,1,1,1,1,1,1,1,1,1,1,1
2021-08-01,68.5,7930000,67.73,0.05,1.32,3.24,2.57,272.676,18.24,100.2519,5.4,20633.3,77.7972,70.248386,152.91092,0.75,0.000607374799612866,11420,6398,439513.2,0.46041326767936,0.756490298608803,0.45308614450601,-0.5,0.16651333762816,-5.21159971395608,-3.21442515204211,70.248386,152.91092,0.75,24.8390030659097,-0.06831294652641,0.0531109918338767,1,1,1,1,1,1,0,0,1,1,1,1,1,1,1,1,1,1
2021-09-01,75.03,7750000,71.65,0.05,1.28,3.24,2.55,273.91,16.48,100.0437,5.1,20840.9,77.7308,85.565056,133.81455,-0.04,0.00112398735504485,11318,6236,433070,0.283889213191735,1.00111266208405,-0.207892809413401,-0.300000000000001,-0.897182550753328,-1.47683730498915,-2.56464903317966,85.565056,133.81455,-0.04,26.1582271549049,0.0531109918338767,0.12633881505031,1,1,1,1,1,1,1,1,1,1,1,1,1,1,1,1,1,1
2021-10-01,83.57,9220000,81.48,0.04,1.37,3.23,2.53,276.55,23.14,98.8579,4.7,20981,76.8871,99.490769,142.06763,-0.14,0.000606103570565014,10961,6525,418454.5,0.451530809997358,0.669986414147239,-1.19236250388361,-0.399999999999999,-3.20508604867449,-3.43312153599626,4.53020020132264,99.490769,142.06763,-0.14,29.4630265774724,0.12633881505031,-0.0368465996949092,1,1,1,1,1,1,1,1,1,1,1,1,1,1,1,1,1,1
2021-11-01,66.18,9440000,79.15,0.05,1.58,3.35,2.68,278.919,16.26,100.1861,4.5,21160.6,77.9838,110.39448,121.9515,0.93,0.00139344411091071,11640,5971,427864,0.959205116305295,0.852369570105083,1.33459909804463,-0.2,6.01039240697059,2.22372256829413,-8.8726535643902,110.39448,121.9515,0.93,28.3774142313718,-0.0368465996949092,-0.100211980299009,0,1,1,1,1,1,0,0,0,0,1,1,1,1,1,1,1,1
2021-12-01,75.21,7400000,71.71,0.05,1.56,3.28,2.62,280.845,27.19,100.8654,4.1,21335.5,78.562,54.676774,151.28684,0.65,0.00115112036734789,11871,6334,433809.5,0.852978064827425,0.823139005882645,0.675749830216343,-0.4,1.96510087681041,1.38001095688427,5.90175305515928,54.676774,151.28684,0.65,25.5336573554808,-0.100211980299009,0.153533292057017,1,1,0,1,1,1,1,0,1,1,1,1,1,1,1,1,1,1
2022-01-01,88.15,7520000,83.22,0.06,1.47,3.3,2.65,282.543,17.22,100.5726,3.9,21498.5,78.3687,56.009418,166.24265,0.17,0.00132666519785768,11760,6429,424514.6,0.688149863326437,0.761081322345447,-0.290710001300631,-0.2,-0.93945086009164,-2.16590990818712,1.48870570431026,56.009418,166.24265,0.17,29.4539238275236,0.153533292057017,0.093602893045262,1,1,1,1,1,1,1,1,1,1,1,1,1,1,1,1,1,1
2022-02-01,95.72,8210000,91.64,0.15,1.76,3.58,2.93,284.5,24.83,100.1856,4,21650.1,78.088,8.0640682,139.23758,-0.04,0.00251841469749006,11451,6397,414611,0.60278356705199,0.702690811757911,-0.385538901389459,0.1,-2.66268800392773,-2.36056673175256,-0.498987469154955,8.0640682,139.23758,-0.04,32.2108963093146,0.093602893045262,0.170917552543768,1,1,1,1,1,1,1,1,1,1,1,1,1,1,1,1,1,1
2022-03-01,100.28,8830000,108.5,0.33,1.93,3.97,3.25,287.674,30.15,100.8064,3.9,21725.2,78.5777,11.657652,138.05353,0.39,0.00278006293478995,11465,6160,412835.5,0.690250217363975,0.346280371749508,0.617737993695133,-0.1,0.12218538786648,-0.429152271469491,-3.77523529225723,11.657652,138.05353,0.39,37.7163038717437,0.170917552543768,-0.0648189754925189,1,1,1,1,1,1,1,1,1,1,1,1,1,1,1,1,1,1
2022-04-01,104.69,5390000,101.78,0.44,2.13,4.29,3.43,288.561,20.56,101.3907,3.7,21787.2,79.0253,40.189913,190.01241,0.42,0.00367632344586391,11888,6417,412704.5,1.10946409921393,0.284976429520434,0.577952528935999,-0.2,3.6230571665536,-0.0317368028440512,4.08739412229497,40.189913,190.01241,0.42,35.2715716954128,-0.0648189754925189,0.066227959733951,1,1,1,1,1,1,1,1,1,1,1,1,1,1,1,1,1,1
2022-05-01,114.67,5320000,109.55,0.76,2.75,4.66,3.76,291.298,33.4,101.44,3.7,21769.4,79.0418,29.621736,154.66196,0,0.0047468097664249,11830,6060,415601.6,0.307860751453592,-0.0817327385099986,0.0486119714331323,0,-0.489080998510794,0.699526856998567,-5.7240918687155,29.621736,154.66196,0,37.6075359254097,0.066227959733951,0.0352842268956494,1,1,1,1,1,1,1,1,1,1,1,1,1,1,1,1,1,1
2022-06-01,105.76,6140000,114.84,0.98,2.9,5.12,4.13,294.957,26.19,101.3335,3.6,21719.9,78.9224,57.037502,168.00083,-0.42,0.00492653816304529,11758,6164,419892,0.94402960946427,-0.227642299950404,-0.105043321531362,-0.1,-0.610481801023255,1.0270426280087,1.7016117376647,57.037502,168.00083,-0.42,38.9344887559882,0.0352842268956494,-0.114984662550765,1,1,1,1,1,1,0,1,1,1,1,1,1,1,1,1,1,1
2022-07-01,98.62,6160000,101.62,1.49,3.14,5.27,4.24,294.913,28.71,101.018,3.6,21651.5,78.6259,35.101332,145.97594,-0.25,0.0077600296536005,11919,6474,417341.5,1.24827848358358,-0.31541548904368,-0.311833868946998,0,1.35999055205076,-0.609270386281224,4.9068238046182,35.101332,145.97594,-0.25,34.4576197047943,-0.114984662550765,-0.0788073752554073,1,1,1,1,1,1,0,0,0,1,1,1,1,1,1,1,1,1
2022-08-01,89.55,6610000,93.67,2.23,2.9,5.21,4.06,295.097,21.33,101.223,3.5,21652.9,78.7204,21.288787,186.92141,0.2,0.007203428120114,12009,6597,425220.4,-0.0149185414012543,0.00646585566599356,0.202728497397242,-0.1,0.752260317797493,1.8702791248737,1.88208447366822,21.288787,186.92141,0.2,31.7421051383105,-0.0788073752554073,-0.104259392660787,0,0,0,1,1,1,0,0,0,0,1,1,0,1,0,1,1,1
2022-09-01,79.49,5810000,84.26,2.63,2.9,5.15,4.07,296.349,25.87,101.0963,3.6,21638.4,78.5438,-17.197756,163.23982,0.04,0.00318774179925719,12134,6333,424245.5,0.0623718262284356,-0.0669880578417548,-0.125247582966992,0.1,1.03550608415599,-0.229532563466961,-4.08409427064402,-17.197756,163.23982,0.04,28.4326925348154,-0.104259392660787,0.0332649465329123,0,0,0,0,0,0,0,0,0,0,1,1,0,0,0,0,0,1
2022-10-01,86.53,5330000,87.55,3.13,3.52,5.69,4.59,298.007,31.62,101.2918,3.5,21536.7,78.6087,-12.278205,174.18347,0,0.00334892481507871,12429,6269,429472,0.423369798795115,-0.47110574425826,0.193193236960543,-0.1,2.4021022243268,1.22442501107614,-1.01572052424626,-12.278205,174.18347,0,29.3785045317727,0.0332649465329123,-0.0388346192534393,0,0,0,0,0,0,1,0,0,0,0,1,0,0,0,0,0,0
2022-11-01,80.55,5970000,84.37,3.72,3.98,6.26,5.1,298.786,25.88,101.2529,3.6,21461.7,78.4843,7.2088164,177.42313,0.04,0.00493369770249673,12442,6239,438303.5,0.557916232264422,-0.348850543557155,-0.0384112746256271,0.1,0.104539432945394,2.03550455756147,-0.479693916318169,7.2088164,177.42313,0.04,28.2376014940459,-0.0388346192534393,-0.0941302194066628,0,0,0,0,0,0,0,1,0,0,0,1,0,0,0,0,0,0
2022-12-01,80.26,5440000,76.44,4.15,3.89,6.07,4.9,298.832,20.58,100.9552,3.6,21406.7,78.1544,-26.278638,171.73726,-0.6,0.00650394925436138,12493,6253,431714.75,0.261062191557038,-0.256599407386915,-0.294449347072856,0,0.409064135686421,-1.5146523567493,0.224143545651145,-26.278638,171.73726,-0.6,25.5795898698935,-0.0941302194066628,0.0165759145986826,0,0,0,0,0,0,0,0,1,0,0,1,0,0,0,0,0,0
2023-01-01,78.87,5490000,78.12,4.25,3.62,5.59,4.43,300.42,21.67,99.7664,3.5,21290.9,77.1334,-14.9229,136.43315,-0.46,0.00634275283818006,12202,5999,419171.8,0.0153944493274771,-0.542420575967917,-1.18454007975251,-0.1,-2.35686147200305,-2.94842094718462,-4.14685599142057,-14.9229,136.43315,-0.46,26.0035949670461,0.0165759145986826,-0.0198734534236595,0,0,0,0,0,0,0,0,0,0,0,0,0,0,0,0,0,0
2023-02-01,77.05,5610000,76.83,4.54,3.53,5.5,4.4,301.45,19.4,100.505,3.5,21279.9,77.601,-62.189383,139.12464,0.56,0.00270139750477774,12640,6300,447214.5,0.529995299865682,-0.0516786165391636,0.73760242218297,0,3.52665159890506,6.47574855349511,4.89568447265309,-62.189383,139.12464,0.56,25.4868137336208,-0.0198734534236595,-0.0473783179874467,0,0,0,0,0,0,0,0,0,0,0,0,0,0,0,0,0,0
2023-03-01,75.67,7380000,73.28,4.65,3.75,5.59,4.56,301.821,20.7,100.6416,3.6,21243.7,77.6078,-94.678098,120.13662,-0.43,0.00228645661733181,12621,6631,471438.25,0.342266936550661,-0.170258438818394,0.135821357158683,0.1,-0.150429544221886,5.27497832049235,5.12059889892438,-94.678098,120.13662,-0.43,24.2792913680625,-0.0473783179874467,0.0805316359933359,0,0,0,0,0,0,0,0,0,0,0,0,0,0,0,0,0,0
2023-04-01,76.78,5420000,79.45,4.69,3.66,5.71,4.6,302.845,18.7,101.0205,3.5,20947.4,77.8036,-18.41952,147.9425,-0.41,0.00174037228024676,12867,6303,476679.8,0.12299614825535,-1.40458471715483,0.375777546565903,-0.1,1.93038009263606,1.10568581622879,-5.07299118557576,-18.41952,147.9425,-0.41,26.2345424226915,0.0805316359933359,-0.100508407792779,0,0,0,0,0,0,1,0,0,0,0,0,0,0,0,0,0,0
2023-05-01,68.09,6680000,71.58,4.92,3.46,5.53,4.47,303.334,15.78,101.253,3.4,20761.4,77.888,-13.745412,127.42137,0.04,0.00288945986552705,12734,6220,464266,0.338699704935408,-0.891904025108303,0.229886863472384,-0.1,-1.03903126080205,-2.63873228253413,-1.32558037798844,-13.745412,127.42137,0.04,23.5977503346146,-0.100508407792779,-0.0207757882313816,0,0,0,0,0,0,0,0,0,0,0,0,0,0,0,0,0,0
2023-06-01,70.64,6460000,70.25,5.14,3.57,5.77,4.67,304.014,17.94,100.9286,3.6,20829.6,77.5496,-18.159791,156.19287,-0.18,0.00102891200857418,12732,6465,461258.25,0.161338517524623,0.327955861254026,-0.32089990224673,0.2,-0.0157072174987505,-0.649958245484861,3.86331054727318,-18.159791,156.19287,-0.18,23.1074884709257,-0.0207757882313816,0.0807318243541638,0,0,0,0,0,0,1,0,0,0,0,0,0,0,0,0,0,0
2023-07-01,81.8,5980000,76.07,5.16,3.75,5.75,4.65,304.609,13.59,100.1196,3.6,20799.4,76.8467,-45.118629,141.05706,-0.41,0.00136938640041242,12787,6518,459098.8,0.223924433484246,-0.145091187863855,-0.804786480502262,0,0.431052040918622,-0.469264393151114,0.816456819154965,-45.118629,141.05706,-0.41,24.9729981714263,0.0807318243541638,0.0647865892397368,1,1,0,0,0,0,1,1,1,1,0,0,1,0,0,0,0,0
2023-08-01,83.63,7080000,81.39,5.25,3.9,5.74,4.66,306.082,13.63,100.9067,3.5,20791.4,77.3773,-49.10563,113.79255,0.13,0.00111386256563691,12912,6305,453034.75,0.195523399396347,-0.0384700467346732,0.783085618377655,-0.1,0.972808169856165,-1.32966040844451,-3.32246109984862,-49.10563,113.79255,0.13,26.5909135460432,0.0647865892397368,0.0945140276821818,1,1,1,1,1,1,1,1,1,1,1,0,1,1,1,1,1,0
2023-09-01,90.79,6280000,89.43,5.3,4.17,6.02,4.95,307.276,13.57,100.8393,3.7,20777.5,77.2588,-39.366344,84.49314,-0.17,0.000537246782937382,12999,6989,435439,0.482405293863497,-0.066876922497805,-0.0668166927796143,0.2,0.6715319898289,-3.96141157620296,10.2994515078109,-39.366344,84.49314,-0.17,29.1041278850284,0.0945140276821818,-0.0436866509810315,1,1,1,1,1,1,1,1,1,1,1,1,1,1,1,1,1,1
2023-10-01,81.02,7120000,85.64,5.32,4.38,6.16,5.13,307.696,17.52,101.0211,3.7,20747.8,77.3375,-20.418332,108.39746,-0.03,0.00133653916700235,13178,6683,417207,0.389332659953823,-0.143045348567306,0.180124530768744,0,1.36763410657448,-4.27722160863073,-4.47704959660591,-20.418332,108.39746,-0.03,27.8326660080079,-0.0436866509810315,-0.0941611144143073,1,1,1,1,1,1,0,0,0,1,1,0,1,1,1,1,1,1
2023-11-01,75.96,6180000,77.69,5.34,4.8,6.63,5.61,308.148,18.14,100.4689,3.9,20732.9,76.859,8.9535092,117.69793,-0.51,0.00102297312185572,13213,6130,421750,0.136591605894409,-0.0718406422304696,-0.548117904107315,0.2,0.265242094045171,1.08302199167269,-8.63722385808128,8.9535092,117.69793,-0.51,25.2119111595727,-0.0941611144143073,-0.0763045256847086,0,0,1,1,1,1,0,0,0,1,0,0,1,1,1,1,1,1
2023-12-01,71.65,5250000,71.9,5.27,4.5,6.29,5.28,308.741,12.92,100.8639,3.7,20746.4,77.1081,6.97368,125.4752,0.14,0.001678093014024,13316,6926,443208.5,0.146790447308742,0.0650927111916388,0.392385648842364,-0.2,0.776512628069881,4.96275925234482,12.2087696032109,6.97368,125.4752,0.14,23.2881282369365,-0.0763045256847086,0.0281066558528358,0,0,0,0,0,0,0,0,0,1,0,0,0,0,0,0,1,1
2024-01-01,75.85,6500000,74.15,5.24,4.02,5.64,4.74,309.698,12.45,100.6031,3.8,20777.8,76.858,39.600404,105.77133,-0.12,0.00134134367090234,13297,6422,439423.8,0.192255067817282,0.151237138753046,-0.258901106065057,0.0999999999999996,-0.142787383820853,-0.857599069573212,-7.55528503129064,39.600404,105.77133,-0.12,23.9426796427487,0.0281066558528358,0.0375557214116908,0,0,0,0,0,0,1,0,0,0,0,0,1,1,0,0,0,1
2024-02-01,78.26,6040000,77.25,5.22,4.06,5.68,4.87,310.967,14.35,99.2223,3.7,20843.7,75.7542,-5.6218952,121.96395,-0.99,0.000797013221121597,12517,6626,426226,0.30948913761053,0.316663527590855,-1.38202848856546,-0.0999999999999996,-6.04507255286837,-3.04946012265894,3.12717082103813,-5.6218952,121.96395,-0.99,24.8418642492612,0.0375557214116908,0.0475263411169738,0,1,0,0,0,0,1,1,1,0,1,1,1,1,1,1,0,1
2024-03-01,83.17,5500000,81.28,5.24,4.21,5.77,5.03,312.345,13.4,100.285,3.9,20926.9,76.5157,20.795675,87.23672,0.26,0.000979507885877645,13129,6536,439252.25,0.408916812862525,0.398366841890052,1.06533450234574,0.2,4.77358036060878,3.0104127394555,-1.36759463200029,20.795675,87.23672,0.26,26.0225071635531,0.0475263411169738,0.0477993852323395,1,1,1,1,0,1,1,1,1,0,1,1,1,1,1,1,1,1
2024-04-01,81.93,6560000,85.35,5.24,4.21,5.75,5.01,313.023,13.01,100.4575,3.9,20973.2,76.5964,26.13951,93.20401,-0.13,0.00125488340956632,13190,6180,448038,0.44215489032835,0.221001949135413,0.171862004766066,0,0.463544277724992,1.98042008246642,-5.60070860881012,26.13951,93.20401,-0.13,27.2663670081751,0.0477993852323395,-0.0629037825221948,1,1,1,1,1,1,0,1,1,1,1,1,1,1,1,1,1,1
2024-05-01,76.99,6280000,80.02,5.24,4.54,6,5.28,313.175,15.65,100.2434,3.9,20958.8,76.3803,0.62557636,106.48626,-0.37,0.000781853020237967,13314,6593,457941.5,0.216832414080059,-0.0686826317185307,-0.213352387770893,0,0.935714644928787,2.18633964520443,6.46902086615633,0.62557636,106.48626,-0.37,25.5512093877225,-0.0629037825221948,-0.0027070548171598,0,0,0,1,1,1,0,0,0,1,0,1,0,0,0,0,1,1
2024-06-01,81.54,5250000,79.77,5.25,4.48,5.95,5.25,313.044,12.92,100.863,3.9,21019.9,76.7961,9.7965544,103.8162,0.15,0.00155768758970617,13256,7043,457200.8,0.0485469461688481,0.29110021580685,0.61619317981485,0,-0.436583305424953,-0.161876499806546,6.60257356321097,9.7965544,103.8162,0.15,25.4820408632652,-0.0027070548171598,0.0237312836578082,1,1,1,0,1,0,1,0,0,1,0,1,1,1,0,0,1,0
2024-07-01,77.91,6850000,81.8,5.24,4.31,5.82,5.13,313.569,12.44,100.894,4.1,21067.7,76.7586,11.420709,115.8524,-0.22,0.00082868594251549,13252,6685,456498,-0.0418383989980953,0.227145385111172,0.0307300368700858,0.2,-0.0301795686612039,-0.153836283598352,-5.21680052093672,11.420709,115.8524,-0.22,26.0867624031712,0.0237312836578082,-0.0640631872494489,0,0,1,0,1,0,0,1,0,1,0,0,0,0,0,0,0,0
2024-08-01,73.55,7220000,76.68,5.2,4.25,5.84,5.12,314.062,16.36,99.9757,4.2,21094.4,75.9946,11.576676,116.29613,-0.39,0.000355887384141083,13212,7116,438714,0.167567580897732,0.126654049818065,-0.914330431600341,0.100000000000001,-0.302297690910613,-3.97365987327838,6.24795592496827,11.576676,116.29613,-0.39,24.415561258605,-0.0640631872494489,-0.0859354014259965,0,0,0,0,0,0,0,0,0,0,0,0,0,0,0,0,0,0
2024-09-01,68.17,6660000,70.24,5.05,3.87,5.6,4.87,314.732,15,100.4309,4.2,21185.8,76.2697,0.09414888,112.31229,-0.08,0.00174788202733338,13411,6326,425904.2,0.157098709717562,0.432354352053821,0.454277237198397,0,1.49497582002596,-2.96332817812619,-11.7677644920132,0.09414888,112.31229,-0.08,22.3174002008058,-0.0859354014259965,0.0219953526366671,0,0,0,0,0,0,0,0,0,0,0,0,0,0,0,0,0,0
2024-10-01,69.26,7350000,71.99,4.72,3.72,5.42,4.68,315.631,16.73,99.8084,4.1,21268.6,75.7216,13.598236,105.89523,-0.29,0.00318422979660219,13171,6455,416657.25,0.213106439808097,0.390066070817241,-0.621758071865575,-0.100000000000001,-1.80578227118939,-2.19504969775191,2.01868994151493,13.598236,105.89523,-0.29,22.8082792881561,0.0219953526366671,-0.0310908373739503,0,0,0,0,0,0,1,0,0,0,0,0,0,0,0,0,0,0
2024-11-01,68,5540000,69.95,4.51,4.1,5.63,4.95,316.528,23.16,99.4695,4.1,21331,75.3852,-2.9660925,95.29997,-0.56,0.00146574106179674,13530,6352,423706,0.285232670541991,0.29296070681184,-0.340128360164549,0,2.68919991657874,1.67758771223401,-1.60853003537706,-2.9660925,95.29997,-0.56,22.0991507860284,-0.0310908373739503,-0.000965792846417775,0,0,0,0,0,0,0,0,0,0,0,0,0,0,0,0,0,0
2024-12-01,71.72,4650000,70.12,4.42,4.36,5.78,5.14,317.604,13.51,99.2925,4.2,21451.6,75.1681,-11.006632,160.52062,-0.06,0.00106230246406482,13396,6578,427904,0.283789553580771,0.563782095708731,-0.178102501270594,0.100000000000001,-0.995328725073819,0.98590528623852,3.49610238220297,-11.006632,160.52062,-0.06,22.0778075842874,-0.000965792846417775,0.0755528924434022,0,0,0,0,0,0,1,1,1,0,0,1,0,0,0,0,0,0
2025-01-01,72.53,6290000,75.74,4.27,4.39,5.8,5.2,318.961,17.35,100.3273,4.1,21485.3,75.8651,-44.916599,156.89088,0.33,0.00126398369154387,13437,6557,418836.5,0.33936184663732,0.156974569286561,1.0367801884561,-0.100000000000001,0.305594096131401,-2.14182423861828,-0.319756648538316,-44.916599,156.89088,0.33,23.7458498060891,0.0755528924434022,-0.0577060548738843,0,0,0,0,0,0,1,1,1,0,0,0,1,0,1,0,0,0
2025-02-01,69.76,4900000,71.53,4.21,4.63,6.08,5.46,319.679,16.43,100.0647,4,21547.6,75.5781,-61.872519,167.38864,-0.5,0.00164348290626343,13140,6649,415580.2,0.426351450544171,0.289546107863359,-0.262086460851751,-0.0999999999999996,-2.23510828368081,-0.780501284466517,1.39332861388368,-61.872519,167.38864,-0.5,22.3755704941519,-0.0577060548738843,-0.0463109142682698,0,0,0,0,0,0,0,0,1,0,0,0,0,0,1,0,1,0
2025-03-01,71.48,5050000,68.24,4.22,4.45,5.92,5.32,319.785,19.63,101.0993,4.2,21613.2,76.2685,-66.101648,228.61916,0.39,0.00152466488212981,13240,6045,431072.25,0.224852906961726,0.303979771060803,1.02862253908436,0.2,0.758153745239731,3.66000933387802,-9.52349833535635,-66.101648,228.61916,0.39,21.3393373672936,-0.0463109142682698,-0.0703774915222704,1,0,0,0,0,0,1,0,0,1,0,0,1,1,1,0,1,1
2025-04-01,58.21,6860000,63.54,4.2,4.28,5.93,5.29,320.302,22.28,101.0404,4.2,21693.5,76.1318,-11.880911,297.08402,0.15,0.00126078180158544,13453,5756,436402.5,0.0331527657446706,0.370843735621484,-0.0582765302085342,0,1.59595789945435,1.22892731662709,-4.89886950416345,-11.880911,297.08402,0.15,19.8375283326361,-0.0703774915222704,-0.0225316645803916,0,0,0,0,0,0,0,0,0,0,0,0,0,0,1,1,1,0
2025-05-01,60.79,5540000,62.17,4.21,4.28,6.18,5.45,320.62,24.7,101.1279,4.2,21775.5,76.1048,-23.563474,460.11432,-0.36,0.00353198994785879,13466,6033,442179.25,0.161540575711605,0.377280808236513,0.0865615484362259,0,0.0965860619684733,1.315036022201,4.70016104335045,-23.563474,460.11432,-0.36,19.3905557981411,-0.0225316645803916,0.0937293652032345,0,0,0,0,0,0,1,0,0,0,0,0,1,1,1,0,1,1
2025-06-01,65.11,6420000,68.17,4.25,4.42,6.29,5.54,321.435,18.57,100.9655,4.3,21833.8,75.8894,-25.047849,364.0518,-0.29,0.0193378870921414,13447,6259,439957.2,0.0992320519796586,0.267374320302061,-0.160717801726218,0.0999999999999996,-0.141195728135735,-0.503789340005589,3.67760284839385,-25.047849,364.0518,-0.29,21.2080202840388,0.0937293652032345,0.000941566091679874,0,0,0,0,0,0,1,1,0,0,0,0,1,1,1,1,1,1
2025-07-01,69.26,5050000,68.39,4.23,4.38,6.15,5.46,322.169,16.73,101.4785,4.1,21938.7,76.181,-2.3143708,253.81813,-0.07,0.00237637914878675,13610,6165,421853.5,0.253872468162797,0.479297279427193,0.506807905446927,-0.2,1.20487838216423,-4.20193520885608,-1.51322913262568,-2.3143708,253.81813,-0.07,21.2279890368099,0.000941566091679874,-0.0549071554101558,1,1,0,0,0,0,1,1,1,0,1,0,1,1,1,1,1,1
2025-08-01,64.01,4840000,64.86,4.25,4.39,6.1,5.45,323.291,16.72,101.894,4.3,22019.9,76.3997,5.2179112,251.757,0.01,0.000861708400721347,13707,6328,423466.75,0.228090663893177,0.36943893734076,0.408610385482078,0.2,0.710183458586933,0.381690124797984,2.60960938490467,5.2179112,251.757,0.01,20.0624205437207,-0.0549071554101558,-0.016777433961759,0,0,0,0,0,0,0,0,1,0,0,0,1,1,1,1,1,1
2025-09-01,62.37,4920000,63.96,4.12,4.26,6,5.35,324.245,15.36,101.6247,4.3,22086.8,76.1055,14.523849,254.12744,-0.36,0.000371190710406819,13810,6283,422008.6,0.347659384038312,0.303355505189451,-0.264644140487924,0,0.748631617195628,-0.344930563787571,-0.713665704454414,14.523849,254.12744,-0.36,19.7258246079354,-0.016777433961759,NA,0,0,0,0,0,0,0,0,0,0,0,0,0,1,1,1,1,1
2025-10-01,60.98,6290000,60.89,3.92,4.12,5.83,5.21,NA,16.28,101.668,4.4,22169.8,76.0461,20.412154,224.23756,-0.31,0.00114374778079555,13828,6401,417826.75,0.294655645472819,0.375085737765879,0.0425986773305631,0.100000000000001,0.130255463817797,-0.995882005269166,1.86066547390578,20.412154,224.23756,-0.31,NA,NA,NA,0,0,0,0,0,0,0,0,0,1,0,0,0,0,0,0,0,1
2025-11-01,58.55,4390000,60.06,3.82,4.06,5.74,5.13,325.063,17.44,101.2075,NA,22250.4,75.6104,14.223903,217.50845,-0.51,0.000459400784322662,13864,5898,420800.8,NA,0.362898359103703,-0.453973782816064,NA,0.260003035392664,0.709268963978893,-8.18409177667832,14.223903,217.50845,-0.51,18.4764184173529,NA,-0.0376642592796884,0,0,0,0,0,0,0,0,0,0,0,0,0,0,0,0,0,0
2025-12-01,57.42,4380000,57.97,3.78,4.09,5.86,5.26,326.031,16.35,101.3605,4.5,22296.5,75.6334,23.281026,218.76603,-0.13,0.00164577765181995,13788,5780,426542,NA,0.206972949663609,0.151060413386617,NA,-0.54969037586865,1.35512754880924,-2.02096277087982,23.281026,218.76603,-0.13,17.7805178035218,-0.0376642592796884,0.0339417114735512,0,0,0,0,0,0,0,0,0,0,0,0,0,0,0,0,0,0
2026-01-01,65.21,6200000,60.04,3.59,4.14,5.9,5.31,326.588,14.95,101.6781,4.4,22386.9,75.7794,30.007792,205.27646,-0.12,0.00169964748229259,13655,6410,424454.5,0.29734591724413,0.404625088228805,0.312847171954633,-0.0999999999999996,-0.969289372894977,-0.490602296722109,10.3455588248293,30.007792,205.27646,-0.12,18.3840190086592,0.0339417114735512,0.0715891903412751,1,1,0,0,0,0,1,1,1,0,1,0,0,0,0,0,0,0
2026-02-01,67.02,6030000,64.51,3.57,4.21,5.88,5.34,327.46,17.44,102.3963,4.3,22469.1,76.2529,2.52497,253.68826,0.2,0.000648773433969969,NA,NA,422321,0.170696879878296,0.366506563286961,0.703863850744746,-0.100000000000001,NA,-0.503912669798723,NA,2.52497,253.68826,0.2,19.7001160447078,0.0715891903412751,NA,1,1,1,1,0,0,1,1,1,1,1,0,0,0,0,0,0,0
2026-03-01,96.07,7380000,NA,3.6,4.13,5.81,5.3,NA,19.86,102.551,4.4,22667.3,76.2946,NA,255.35981,-0.11,0.000829762464316483,NA,NA,430931.75,0.266647254227603,0.878232530358147,0.150965667155312,0.100000000000001,NA,2.01840365111661,NA,NA,255.35981,-0.11,NA,NA,NA,1,1,1,1,1,1,1,1,1,1,1,1,1,1,1,1,1,1
